sample_id,total_mutations,mutation_density,length_diff
KU509268.1,12.0,0.008075370121130552,0.0
KM204118.1,4.0,0.0026917900403768506,0.0
AY858035.2,10.0,0.006729475100942127,0.0
KP406804.1,11.0,0.007402422611036339,0.0
LC666719.1,8.0,0.005383580080753701,0.0
KR920365.1,9.0,0.006056527590847914,0.0
AY858036.2,11.0,0.007402422611036339,0.0
MH823208.1,12.0,0.008075370121130552,0.0
LC111438.1,12.0,0.008075370121130552,0.0
KY627762.1,8.0,0.005383580080753701,0.0
OR125606.1,7.0,0.004710632570659489,0.0
MW577849.1,12.0,0.008075370121130552,0.0
MW512378.1,11.0,0.007402422611036339,0.0
MW512386.1,14.0,0.009421265141318977,0.0
MW512429.1,11.0,0.007402422611036339,0.0
OP410996.1,14.0,0.009421265141318977,0.0
MW721459.1,12.0,0.008075370121130552,0.0
MW512480.1,11.0,0.007402422611036339,0.0
MW512402.1,12.0,0.008075370121130552,0.0
MW512431.1,13.0,0.008748317631224764,0.0
MW512467.1,17.0,0.011440107671601614,0.0
MW512481.1,12.0,0.008075370121130552,0.0
MH827525.1,13.0,0.008748317631224764,0.0
MW512428.1,10.0,0.006729475100942127,0.0
MW512409.1,14.0,0.009421265141318977,0.0
MH827539.1,12.0,0.008075370121130552,0.0
MW512451.1,11.0,0.007402422611036339,0.0
KC762680.1,11.0,0.007402422611036339,0.0
KC762679.1,11.0,0.007402422611036339,0.0
KC762678.1,11.0,0.007402422611036339,0.0
KC762657.1,10.0,0.006729475100942127,0.0
KC762659.1,10.0,0.006729475100942127,0.0
KC762667.1,11.0,0.007402422611036339,0.0
KC762672.1,11.0,0.007402422611036339,0.0
KC762664.1,13.0,0.008748317631224764,0.0
KC762668.1,10.0,0.006729475100942127,0.0
KC762673.1,12.0,0.008075370121130552,0.0
KC762674.1,11.0,0.007402422611036339,0.0
KC762675.1,11.0,0.007402422611036339,0.0
KC762663.1,12.0,0.008075370121130552,0.0
KC762671.1,11.0,0.007402422611036339,0.0
KC762666.1,11.0,0.007402422611036339,0.0
KC762677.1,11.0,0.007402422611036339,0.0
KC762656.1,11.0,0.007402422611036339,0.0
KC762670.1,11.0,0.007402422611036339,0.0
KC762660.1,10.0,0.006729475100942127,0.0
KC762662.1,11.0,0.007402422611036339,0.0
KC762655.1,11.0,0.007402422611036339,0.0
KC762661.1,11.0,0.007402422611036339,0.0
KC762658.1,11.0,0.007402422611036339,0.0
KC762669.1,11.0,0.007402422611036339,0.0
KC762676.1,11.0,0.007402422611036339,0.0
KC762665.1,11.0,0.007402422611036339,0.0
KU517846.1,10.0,0.006729475100942127,0.0
MK411559.1,12.0,0.008075370121130552,0.0
MK411558.1,12.0,0.008075370121130552,0.0
PX480447.1,,0.0047663551401869,-1.0
PX480446.1,,0.0047663551401869,-1.0
PX480445.1,,0.0047663551401869,-1.0
PX480444.1,,0.0047663551401869,-1.0
PX480443.1,,0.0047663551401869,-1.0
PX480442.1,,0.0047663551401869,-1.0
PX480441.1,,0.0047663551401869,-1.0
PX480440.1,,0.0047663551401869,-1.0
PX480439.1,,0.0047663551401869,-1.0
PX480438.1,,0.0047663551401869,-1.0
PX480437.1,,0.0047663551401869,-1.0
PX480436.1,,0.0006542056074766,-1.0
PX480435.1,,0.0006542056074766,-1.0
PX480434.1,,0.0006542056074766,-1.0
PX480433.1,,0.0006542056074766,-1.0
PX480432.1,,0.0006542056074766,-1.0
PX480431.1,,0.0006542056074766,-1.0
PX480430.1,,0.0006542056074766,-1.0
PX480429.1,,0.0006542056074766,-1.0
PX480428.1,,0.0006542056074766,-1.0
PX480427.1,,0.0006542056074766,-1.0
PX480426.1,,0.0006542056074766,-1.0
PX480425.1,,0.0006542056074766,-1.0
PX480424.1,,0.0006542056074766,-1.0
PX480423.1,,0.0006542056074766,-1.0
PX480422.1,,0.0006542056074766,-1.0
PX480421.1,,0.0006542056074766,-1.0
PX480420.1,,0.0006542056074766,-1.0
PX480419.1,,0.0006542056074766,-1.0
PX480418.1,,0.0006542056074766,-1.0
PX480417.1,,0.0006542056074766,-1.0
PX480416.1,,0.0006542056074766,-1.0
PX480415.1,,0.0006542056074766,-1.0
PX480414.1,,0.0006542056074766,-1.0
PX480413.1,,0.0006542056074766,-1.0
PX480412.1,,0.0006542056074766,-1.0
PX480411.1,,0.0006542056074766,-1.0
PX480410.1,,0.0006542056074766,-1.0
PX480409.1,,0.0006542056074766,-1.0
PX480408.1,,0.0006542056074766,-1.0
PX480407.1,,0.0006542056074766,-1.0
PX480406.1,,0.0006542056074766,-1.0
PX480405.1,,0.0006542056074766,-1.0
PX480404.1,,0.0006542056074766,-1.0
PX480403.1,,0.0006542056074766,-1.0
PX480402.1,,0.0006542056074766,-1.0
PX480401.1,,0.0006542056074766,-1.0
PX480400.1,,0.0006542056074766,-1.0
PX480399.1,,0.0006542056074766,-1.0
PX480398.1,,0.0006542056074766,-1.0
PX480397.1,,0.0006542056074766,-1.0
PX480396.1,,0.0006542056074766,-1.0
PX480395.1,,0.0006542056074766,-1.0
PX480394.1,,0.0006542056074766,-1.0
PX480393.1,,0.0006542056074766,-1.0
PX480392.1,,0.0006542056074766,-1.0
PX480391.1,,0.0006542056074766,-1.0
PX480390.1,,0.0006542056074766,-1.0
PX480389.1,,0.0006542056074766,-1.0
PX480388.1,,0.0006542056074766,-1.0
PX480387.1,,0.0006542056074766,-1.0
PX480386.1,,0.0006542056074766,-1.0
PX480385.1,,0.0006542056074766,-1.0
PX480384.1,,0.0006542056074766,-1.0
PX480383.1,,0.0006542056074766,-1.0
PX480382.1,,0.0006542056074766,-1.0
PX480381.1,,0.0006542056074766,-1.0
PX480380.1,,0.0006542056074766,-1.0
PX480379.1,,0.0006542056074766,-1.0
PX480378.1,,0.0006542056074766,-1.0
PX480377.1,,0.0006542056074766,-1.0
PX480376.1,,0.0006542056074766,-1.0
PX480375.1,,0.0006542056074766,-1.0
PX480374.1,,0.0006542056074766,-1.0
PX480373.1,,0.0006542056074766,-1.0
PX480372.1,,0.0006542056074766,-1.0
PX480371.1,,0.0006542056074766,-1.0
PX480370.1,,0.0006542056074766,-1.0
PX480369.1,,0.0006542056074766,-1.0
PX480368.1,,0.0006542056074766,-1.0
PX480367.1,,0.0006542056074766,-1.0
PX480366.1,,0.0006542056074766,-1.0
PX480365.1,,0.0006542056074766,-1.0
PX480364.1,,0.0006542056074766,-1.0
PX480363.1,,0.0006542056074766,-1.0
PX480362.1,,0.0006542056074766,-1.0
PX480361.1,,0.0006542056074766,-1.0
PX480360.1,,0.0006542056074766,-1.0
PX480359.1,,0.0006542056074766,-1.0
PX480358.1,,0.0006542056074766,-1.0
PX480357.1,,0.0006542056074766,-1.0
PX480356.1,,0.0006542056074766,-1.0
PX480355.1,,0.0006542056074766,-1.0
PX480354.1,,0.0006542056074766,-1.0
PX480353.1,,0.0006542056074766,-1.0
PX480352.1,,0.0006542056074766,-1.0
PX480351.1,,0.0006542056074766,-1.0
PX480350.1,,0.0006542056074766,-1.0
PX480349.1,,0.0006542056074766,-1.0
PX480348.1,,0.0006542056074766,-1.0
PX480347.1,,0.0006542056074766,-1.0
PX480346.1,,0.0006542056074766,-1.0
PX480345.1,,0.0006542056074766,-1.0
PX480344.1,,0.0006542056074766,-1.0
PX480343.1,,0.0006542056074766,-1.0
PX480342.1,,0.0006542056074766,-1.0
PX480341.1,,0.0006542056074766,-1.0
PX480340.1,,0.0006542056074766,-1.0
PX480339.1,,0.0006542056074766,-1.0
PX480338.1,,0.0006542056074766,-1.0
PX480337.1,,0.0006542056074766,-1.0
PX480336.1,,0.0006542056074766,-1.0
PX480335.1,,0.0006542056074766,-1.0
PX480334.1,,0.0006542056074766,-1.0
PX480333.1,,0.0006542056074766,-1.0
PX480332.1,,0.0006542056074766,-1.0
PX480331.1,,0.0021495327102803,-1.0
PX480330.1,,0.0021495327102803,-1.0
PX480329.1,,0.0021495327102803,-1.0
PX480328.1,,0.0021495327102803,-1.0
PX480327.1,,0.0021495327102803,-1.0
PX480326.1,,0.0021495327102803,-1.0
PX480325.1,,0.0021495327102803,-1.0
PX480324.1,,0.0021495327102803,-1.0
PX480323.1,,0.0021495327102803,-1.0
PX480322.1,,0.0021495327102803,-1.0
PX480321.1,,0.0021495327102803,-1.0
PX480320.1,,0.0021495327102803,-1.0
PX480319.1,,0.0021495327102803,-1.0
PX480318.1,,0.0021495327102803,-1.0
PX480317.1,,0.0021495327102803,-1.0
PX480316.1,,0.0021495327102803,-1.0
PX480315.1,,0.0021495327102803,-1.0
PX480314.1,,0.0021495327102803,-1.0
PX480313.1,,0.0021495327102803,-1.0
PX480312.1,,0.0021495327102803,-1.0
PX480311.1,,0.0021495327102803,-1.0
PX480310.1,,0.0021495327102803,-1.0
PX480309.1,,0.0021495327102803,-1.0
PX480308.1,,0.0021495327102803,-1.0
PX480307.1,,0.0021495327102803,-1.0
PX480306.1,,0.0021495327102803,-1.0
PX480305.1,,0.0021495327102803,-1.0
PX480304.1,,0.0021495327102803,-1.0
PX480303.1,,0.0021495327102803,-1.0
PX480302.1,,0.0021495327102803,-1.0
PX480301.1,,0.0021495327102803,-1.0
PX480300.1,,0.0032710280373831,-1.0
PX480299.1,,0.0032710280373831,-1.0
PX480298.1,,0.0032710280373831,-1.0
PX480297.1,,0.0032710280373831,-1.0
PX480296.1,,0.0032710280373831,-1.0
PX480295.1,,0.0032710280373831,-1.0
PX480294.1,,0.0032710280373831,-1.0
PX480293.1,,0.0032710280373831,-1.0
PX480292.1,,0.0032710280373831,-1.0
PX480291.1,,0.0032710280373831,-1.0
PX480290.1,,0.0032710280373831,-1.0
PX480289.1,,0.0032710280373831,-1.0
PX480288.1,,0.0032710280373831,-1.0
PX480287.1,,0.0032710280373831,-1.0
PX480286.1,,0.0032710280373831,-1.0
PX480285.1,,0.0032710280373831,-1.0
PX480284.1,,0.0032710280373831,-1.0
PX480283.1,,0.0032710280373831,-1.0
PX480282.1,,0.0032710280373831,-1.0
PX480281.1,,0.0032710280373831,-1.0
PX480280.1,,0.0032710280373831,-1.0
PX480279.1,,0.0032710280373831,-1.0
PX480278.1,,0.0032710280373831,-1.0
PX480277.1,,0.0032710280373831,-1.0
PX480276.1,,0.0032710280373831,-1.0
PX480275.1,,0.0032710280373831,-1.0
PX480274.1,,0.0032710280373831,-1.0
PX480273.1,,0.0032710280373831,-1.0
PX480272.1,,0.0032710280373831,-1.0
PX480271.1,,0.0032710280373831,-1.0
PX480270.1,,0.0032710280373831,-1.0
PX480269.1,,0.0032710280373831,-1.0
PX480268.1,,0.0032710280373831,-1.0
PX480267.1,,0.0032710280373831,-1.0
PX480266.1,,0.0032710280373831,-1.0
PX480265.1,,0.0032710280373831,-1.0
PX480264.1,,0.0032710280373831,-1.0
PX480263.1,,0.0032710280373831,-1.0
PX480262.1,,0.0032710280373831,-1.0
PX480261.1,,0.0032710280373831,-1.0
PX480260.1,,0.0032710280373831,-1.0
PX480259.1,,0.0032710280373831,-1.0
PX480258.1,,0.0032710280373831,-1.0
PX480257.1,,0.0032710280373831,-1.0
PX480256.1,,0.0032710280373831,-1.0
PX480255.1,,0.0032710280373831,-1.0
PX480254.1,,0.0032710280373831,-1.0
PX480253.1,,0.0032710280373831,-1.0
PX480252.1,,0.0032710280373831,-1.0
PX480251.1,,0.0032710280373831,-1.0
PX480250.1,,0.0032710280373831,-1.0
PX480249.1,,0.0032710280373831,-1.0
PX480248.1,,0.0032710280373831,-1.0
PX480247.1,,0.0032710280373831,-1.0
PX480246.1,,0.0032710280373831,-1.0
PX480245.1,,0.0032710280373831,-1.0
PX492105.1,,0.0021495327102803,-1.0
PX468539.1,,0.0021495327102803,-1.0
PX468538.1,,0.0021495327102803,-1.0
PX468537.1,,0.0021495327102803,-1.0
PX461619.1,,0.0025233644859813,-1.0
PX461615.1,,0.0034579439252336,-1.0
PX368925.1,,0.0043925233644859,-1.0
PX297389.1,,0.0006542056074766,-1.0
PX297388.1,,0.0047663551401869,-1.0
PX297385.1,,0.0008411214953271,-1.0
PX297368.1,,0.0033644859813084,-1.0
PX297367.1,,0.0032710280373831,-1.0
PX297365.1,,0.0031775700934579,-1.0
PX297362.1,,0.0031775700934579,-1.0
PX297359.1,,0.0032710280373831,-1.0
PX282481.1,,0.0006542056074766,-1.0
PX282480.1,,0.0006542056074766,-1.0
PX282478.1,,0.0004672897196261,-1.0
PX282477.1,,0.0005607476635514,-1.0
PX282469.1,,0.0032710280373831,-1.0
PX282467.1,,0.0032710280373831,-1.0
PX282464.1,,0.0032710280373831,-1.0
PX282457.1,,0.0032710280373831,-1.0
PX125311.1,,0.0006542056074766,-1.0
PV918782.1,,0.0006542056074766,-1.0
PV918781.1,,0.0006542056074766,-1.0
PV918780.1,,0.0006542056074766,-1.0
PV918779.1,,0.0006542056074766,-1.0
PV918778.1,,0.0006542056074766,-1.0
PV918777.1,,0.0006542056074766,-1.0
PV918776.1,,0.0006542056074766,-1.0
PV918775.1,,0.0006542056074766,-1.0
PV918774.1,,0.0006542056074766,-1.0
PV918773.1,,0.0006542056074766,-1.0
PV918772.1,,0.0006542056074766,-1.0
PV918771.1,,0.0006542056074766,-1.0
PV918770.1,,0.0006542056074766,-1.0
PV918769.1,,0.0006542056074766,-1.0
PV918768.1,,0.0006542056074766,-1.0
PV752130.1,,0.0021495327102803,-1.0
PV752129.1,,0.0021495327102803,-1.0
PV752128.1,,0.0021495327102803,-1.0
PV752127.1,,0.0021495327102803,-1.0
PV752126.1,,0.0021495327102803,-1.0
PV752125.1,,0.0021495327102803,-1.0
PV752124.1,,0.0021495327102803,-1.0
PV752123.1,,0.0021495327102803,-1.0
PV752122.1,,0.0021495327102803,-1.0
PV752121.1,,0.0021495327102803,-1.0
PV752120.1,,0.0021495327102803,-1.0
PV752119.1,,0.0021495327102803,-1.0
PV752118.1,,0.0021495327102803,-1.0
PV752117.1,,0.0021495327102803,-1.0
PV752116.1,,0.0021495327102803,-1.0
PV752115.1,,0.0021495327102803,-1.0
PV752114.1,,0.0021495327102803,-1.0
PV752113.1,,0.0021495327102803,-1.0
PV752112.1,,0.0021495327102803,-1.0
PV752111.1,,0.0021495327102803,-1.0
PV752110.1,,0.0021495327102803,-1.0
PV752109.1,,0.0021495327102803,-1.0
PV752108.1,,0.0021495327102803,-1.0
PV752107.1,,0.0021495327102803,-1.0
PV752106.1,,0.0021495327102803,-1.0
PV752105.1,,0.0021495327102803,-1.0
PV752104.1,,0.0021495327102803,-1.0
PV752103.1,,0.0021495327102803,-1.0
PV752102.1,,0.0021495327102803,-1.0
PV752101.1,,0.0021495327102803,-1.0
PV752100.1,,0.0021495327102803,-1.0
PV752099.1,,0.0021495327102803,-1.0
PV752098.1,,0.0021495327102803,-1.0
PV752097.1,,0.0021495327102803,-1.0
PV752096.1,,0.0021495327102803,-1.0
PV752095.1,,0.0021495327102803,-1.0
PV752094.1,,0.0021495327102803,-1.0
PV752093.1,,0.0021495327102803,-1.0
PV752092.1,,0.0021495327102803,-1.0
PV752091.1,,0.0021495327102803,-1.0
PV752090.1,,0.0021495327102803,-1.0
PV752089.1,,0.0021495327102803,-1.0
PV752088.1,,0.0021495327102803,-1.0
PV752087.1,,0.0021495327102803,-1.0
PV752086.1,,0.0021495327102803,-1.0
PV752085.1,,0.0021495327102803,-1.0
PV752084.1,,0.0021495327102803,-1.0
PV752083.1,,0.0021495327102803,-1.0
PV798798.1,,0.0032710280373831,-1.0
PV791001.1,,0.0023364485981308,-1.0
PV791000.1,,0.0023364485981308,-1.0
PV790969.1,,0.0023364485981308,-1.0
PV790966.1,,0.0023364485981308,-1.0
PV789662.1,,0.0023364485981308,-1.0
PV789655.1,,0.0023364485981308,-1.0
PV789653.1,,0.0031775700934579,-1.0
PV789651.1,,0.0035514018691588,-1.0
PV474419.1,,0.0006542056074766,-1.0
PV474418.1,,0.0006542056074766,-1.0
PV474417.1,,0.0006542056074766,-1.0
PV474414.1,,0.0006542056074766,-1.0
PV474413.1,,0.0006542056074766,-1.0
PV344375.1,,0.0044859813084112,-1.0
PV344355.1,,0.0045794392523364,-1.0
PV344354.1,,0.0045794392523364,-1.0
PV344274.1,,0.0032710280373831,-1.0
PV344273.1,,0.0032710280373831,-1.0
PV344271.1,,0.0033644859813084,-1.0
PV344268.1,,0.0032710280373831,-1.0
PV344266.1,,0.0033644859813084,-1.0
PV344263.1,,0.0033644859813084,-1.0
PV344260.1,,0.0033644859813084,-1.0
PV344259.1,,0.0033644859813084,-1.0
PV344258.1,,0.0033644859813084,-1.0
PP128486.1,,0.0047663551401869,-1.0
PV138436.1,,0.0046728971962616,-1.0
PV138435.1,,0.0046728971962616,-1.0
PV088277.1,,0.0004672897196261,-1.0
PV088276.1,,0.0023364485981308,-1.0
PV083773.1,,0.0023364485981308,-1.0
PV083756.1,,0.0023364485981308,-1.0
PV083749.1,,0.0023364485981308,-1.0
PV083748.1,,0.0023364485981308,-1.0
PV018436.1,,0.0021495327102803,-1.0
OZ060069.1,,0.0014953271028037,-1.0
OZ060068.1,,0.0013084112149532,-1.0
OZ060067.1,,0.0013084112149532,-1.0
OZ060066.1,,0.0014953271028037,-1.0
OZ060065.1,,0.0013084112149532,-1.0
OZ060064.1,,0.0014953271028037,-1.0
OZ060063.1,,0.0013084112149532,-1.0
OZ060062.1,,0.0014953271028037,-1.0
OZ060061.1,,0.0014953271028037,-1.0
OZ060060.1,,0.0013084112149532,-1.0
OZ060059.1,,0.0014953271028037,-1.0
OZ060058.1,,0.0013084112149532,-1.0
OZ060057.1,,0.0014953271028037,-1.0
OZ060056.1,,0.0014953271028037,-1.0
OZ060055.1,,0.0013084112149532,-1.0
OZ060054.1,,0.0013084112149532,-1.0
OZ060053.1,,0.0013084112149532,-1.0
OZ060052.1,,0.0014953271028037,-1.0
OZ060051.1,,0.0013084112149532,-1.0
OZ060050.1,,0.0014953271028037,-1.0
OZ060049.1,,0.0014953271028037,-1.0
OZ060048.1,,0.0013084112149532,-1.0
OZ060047.1,,0.0013084112149532,-1.0
OZ060046.1,,0.0011214953271028,-1.0
OZ060045.1,,0.0013084112149532,-1.0
OZ060044.1,,0.0013084112149532,-1.0
OZ060043.1,,0.0013084112149532,-1.0
OZ060042.1,,0.0014953271028037,-1.0
OZ060041.1,,0.0014953271028037,-1.0
OZ060040.1,,0.0013084112149532,-1.0
OZ060039.1,,0.0013084112149532,-1.0
OZ060038.1,,0.0014953271028037,-1.0
OZ060037.1,,0.0013084112149532,-1.0
OZ060036.1,,0.0014018691588785,-1.0
OZ060035.1,,0.0013084112149532,-1.0
OZ060034.1,,0.0014953271028037,-1.0
OZ060033.1,,0.0014953271028037,-1.0
OZ060032.1,,0.0014953271028037,-1.0
OZ060031.1,,0.0014953271028037,-1.0
OZ060030.1,,0.0013084112149532,-1.0
OZ060029.1,,0.0013084112149532,-1.0
OZ060028.1,,0.0014953271028037,-1.0
OZ060027.1,,0.0013084112149532,-1.0
OZ060026.1,,0.0013084112149532,-1.0
OZ060025.1,,0.0014953271028037,-1.0
OZ060024.1,,0.0013084112149532,-1.0
OZ060023.1,,0.0014953271028037,-1.0
OZ060022.1,,0.0013084112149532,-1.0
OZ060021.1,,0.0013084112149532,-1.0
OZ060020.1,,0.0014953271028037,-1.0
OZ060019.1,,0.0013084112149532,-1.0
OZ060018.1,,0.0013084112149532,-1.0
OZ060017.1,,0.0014953271028037,-1.0
OZ060016.1,,0.0013084112149532,-1.0
OZ060015.1,,0.0013084112149532,-1.0
OZ060014.1,,0.0013084112149532,-1.0
OZ060013.1,,0.0013084112149532,-1.0
OZ060012.1,,0.0014953271028037,-1.0
OZ060011.1,,0.0013084112149532,-1.0
OZ060010.1,,0.0013084112149532,-1.0
OZ060009.1,,0.0013084112149532,-1.0
OZ060008.1,,0.0013084112149532,-1.0
OZ060007.1,,0.0013084112149532,-1.0
OZ060006.1,,0.0013084112149532,-1.0
OZ060005.1,,0.0014018691588785,-1.0
OZ060004.1,,0.0013084112149532,-1.0
OZ060003.1,,0.0013084112149532,-1.0
OZ060002.1,,0.0013084112149532,-1.0
OZ060001.1,,0.0014953271028037,-1.0
OZ060000.1,,0.0013084112149532,-1.0
OZ059999.1,,0.0013084112149532,-1.0
OZ059998.1,,0.0013084112149532,-1.0
OZ059997.1,,0.0013084112149532,-1.0
OZ059996.1,,0.0014953271028037,-1.0
OZ059995.1,,0.0014953271028037,-1.0
OZ059994.1,,0.0013084112149532,-1.0
OZ059993.1,,0.0014953271028037,-1.0
OZ059992.1,,0.0014953271028037,-1.0
OZ059991.1,,0.0013084112149532,-1.0
OZ059990.1,,0.0014953271028037,-1.0
OZ059989.1,,0.0997196261682243,-1.0
OZ059988.1,,0.0013084112149532,-1.0
OZ059987.1,,0.0014953271028037,-1.0
OZ059986.1,,0.0013084112149532,-1.0
OZ059985.1,,0.0014953271028037,-1.0
OZ059984.1,,0.0013084112149532,-1.0
OZ059983.1,,0.0013084112149532,-1.0
OZ059982.1,,0.0014953271028037,-1.0
OZ059981.1,,0.0013084112149532,-1.0
OZ059980.1,,0.0013084112149532,-1.0
OZ059979.1,,0.0013084112149532,-1.0
OZ059978.1,,0.0013084112149532,-1.0
OZ059977.1,,0.0014018691588785,-1.0
OZ059976.1,,0.0014953271028037,-1.0
OZ059975.1,,0.0013084112149532,-1.0
OZ059974.1,,0.001214953271028,-1.0
OZ059973.1,,0.0013084112149532,-1.0
OZ059972.1,,0.0014018691588785,-1.0
OZ059971.1,,0.0013084112149532,-1.0
OZ059970.1,,0.0013084112149532,-1.0
OZ059969.1,,0.0013084112149532,-1.0
OZ059968.1,,0.0013084112149532,-1.0
OZ059967.1,,0.0013084112149532,-1.0
OZ059966.1,,0.0013084112149532,-1.0
OZ059965.1,,0.0013084112149532,-1.0
OZ059964.1,,0.0013084112149532,-1.0
OZ059963.1,,0.0014018691588785,-1.0
OZ059962.1,,0.0013084112149532,-1.0
OZ059961.1,,0.0014953271028037,-1.0
OZ059960.1,,0.0014953271028037,-1.0
OZ059959.1,,0.0014953271028037,-1.0
OZ059958.1,,0.0013084112149532,-1.0
OZ059957.1,,0.0013084112149532,-1.0
OZ059956.1,,0.0013084112149532,-1.0
OZ059955.1,,0.0014953271028037,-1.0
OZ059954.1,,0.0014953271028037,-1.0
OZ059953.1,,0.0014953271028037,-1.0
OZ059952.1,,0.0013084112149532,-1.0
OZ059951.1,,0.0013084112149532,-1.0
OZ059950.1,,0.0013084112149532,-1.0
OZ059949.1,,0.0013084112149532,-1.0
OZ059948.1,,0.0013084112149532,-1.0
OZ059947.1,,0.0013084112149532,-1.0
OZ059946.1,,0.0013084112149532,-1.0
OZ059945.1,,0.0014953271028037,-1.0
OZ059944.1,,0.0013084112149532,-1.0
OZ059943.1,,0.0013084112149532,-1.0
OZ059942.1,,0.0014953271028037,-1.0
OZ059941.1,,0.0013084112149532,-1.0
OZ059940.1,,0.0013084112149532,-1.0
OZ059939.1,,0.0014953271028037,-1.0
OZ059938.1,,0.0014953271028037,-1.0
OZ059937.1,,0.0013084112149532,-1.0
OZ059936.1,,0.0014953271028037,-1.0
OZ059935.1,,0.0014953271028037,-1.0
OZ059934.1,,0.0014953271028037,-1.0
OZ059933.1,,0.0014953271028037,-1.0
OZ059932.1,,0.0013084112149532,-1.0
OZ059931.1,,0.0013084112149532,-1.0
OZ059930.1,,0.0014953271028037,-1.0
OZ059929.1,,0.001214953271028,-1.0
OZ059928.1,,0.0013084112149532,-1.0
OZ059927.1,,0.0013084112149532,-1.0
OZ059926.1,,0.0014953271028037,-1.0
OZ059925.1,,0.0014953271028037,-1.0
OZ059924.1,,0.0014018691588785,-1.0
LC793497.1,,0.0006542056074766,-1.0
LC793496.1,,0.0006542056074766,-1.0
LC793495.1,,0.0032710280373831,-1.0
LC793494.1,,0.0032710280373831,-1.0
PQ667806.1,,0.0046728971962616,-1.0
PQ667805.1,,0.0006542056074766,-1.0
PQ667804.1,,0.0021495327102803,-1.0
PQ657766.1,,0.0021495327102803,-1.0
PP582683.1,,0.0007476635514018,-1.0
PP582680.1,,0.0007476635514018,-1.0
PP582679.1,,0.0007476635514018,-1.0
PP582678.1,,0.0007476635514018,-1.0
PP582677.1,,0.0007476635514018,-1.0
PP582676.1,,0.0007476635514018,-1.0
PP582675.1,,0.0007476635514018,-1.0
PP582674.1,,0.0007476635514018,-1.0
PP582670.1,,0.0007476635514018,-1.0
PP582669.1,,0.0007476635514018,-1.0
PP582668.1,,0.0007476635514018,-1.0
PP582667.1,,0.0007476635514018,-1.0
PP582666.1,,0.0007476635514018,-1.0
PP582665.1,,0.0007476635514018,-1.0
PP582664.1,,0.0007476635514018,-1.0
PP582662.1,,0.0007476635514018,-1.0
PP582661.1,,0.0007476635514018,-1.0
PP582660.1,,0.0007476635514018,-1.0
PP582659.1,,0.0007476635514018,-1.0
PP582658.1,,0.0007476635514018,-1.0
PP582657.1,,0.0007476635514018,-1.0
PP582655.1,,0.0007476635514018,-1.0
PP582654.1,,0.0007476635514018,-1.0
PP582652.1,,0.0007476635514018,-1.0
PP582642.1,,0.0007476635514018,-1.0
PP582641.1,,0.0007476635514018,-1.0
PP582639.1,,0.0007476635514018,-1.0
PP582638.1,,0.0007476635514018,-1.0
PP582637.1,,0.0007476635514018,-1.0
PP582635.1,,0.0007476635514018,-1.0
PP582632.1,,0.0007476635514018,-1.0
PP582627.1,,0.0007476635514018,-1.0
PP582623.1,,0.0007476635514018,-1.0
PP582622.1,,0.0007476635514018,-1.0
OR690442.1,,0.0044859813084112,-1.0
PQ555702.1,,0.0047663551401869,-1.0
PQ465587.1,,0.0021495327102803,-1.0
PP586203.1,,0.0045794392523364,-1.0
PP586198.1,,0.0,-1.0
PQ357572.1,,0.0042056074766355,-1.0
PQ357570.1,,0.0041121495327102,-1.0
PQ357542.1,,0.0032710280373831,-1.0
PQ357540.1,,0.0032710280373831,-1.0
PQ357538.1,,0.0032710280373831,-1.0
PQ357537.1,,0.0032710280373831,-1.0
PQ357536.1,,0.0032710280373831,-1.0
PQ357520.1,,0.0021495327102803,-1.0
PQ357519.1,,0.0021495327102803,-1.0
PQ357512.1,,0.0006542056074766,-1.0
PQ357511.1,,0.0,-1.0
PQ357326.1,,0.0044859813084112,-1.0
PQ203301.1,,0.0,-1.0
PQ203300.1,,0.0006542056074766,-1.0
PQ203299.1,,0.0,-1.0
PP968117.1,,0.0006542056074766,-1.0
PP902582.1,,0.0007476635514018,-1.0
PP902578.1,,0.0007476635514018,-1.0
PP902572.1,,0.0007476635514018,-1.0
OR053670.1,,0.0006542056074766,-1.0
PP711274.1,,0.0006542056074766,-1.0
PP564823.1,,0.0011214953271028,-1.0
PP563875.1,,0.0031775700934579,-1.0
PP563826.1,,0.0031775700934579,-1.0
PP563771.1,,0.0006542056074766,-1.0
PP546320.1,,0.0021495327102803,-1.0
PP540290.1,,0.0031775700934579,-1.0
PP326824.1,,0.0021495327102803,-1.0
PP326823.1,,0.0021495327102803,-1.0
PP326822.1,,0.0021495327102803,-1.0
PP326821.1,,0.0020560747663551,-1.0
PP326820.1,,0.0021495327102803,-1.0
PP326813.1,,0.0021495327102803,-1.0
ON127552.1,,0.0006542056074766,-1.0
ON127550.1,,0.0006542056074766,-1.0
ON127537.1,,0.0006542056074766,-1.0
ON127533.1,,0.0006542056074766,-1.0
ON127418.1,,0.0006542056074766,-1.0
ON116129.1,,0.0006542056074766,-1.0
ON115818.1,,0.0006542056074766,-1.0
ON115816.1,,0.0006542056074766,-1.0
ON115814.1,,0.0006542056074766,-1.0
ON115811.1,,0.0006542056074766,-1.0
ON115182.1,,0.0006542056074766,-1.0
ON115029.1,,0.0006542056074766,-1.0
ON115025.1,,0.0006542056074766,-1.0
ON115023.1,,0.0006542056074766,-1.0
ON115021.1,,0.0006542056074766,-1.0
ON111445.1,,0.0006542056074766,-1.0
ON103390.1,,0.0006542056074766,-1.0
ON103302.1,,0.0006542056074766,-1.0
OR821726.1,,0.0007476635514018,-1.0
OR821725.1,,0.0021495327102803,-1.0
OR821724.1,,0.0021495327102803,-1.0
OQ726075.1,,0.0021495327102803,-1.0
OQ726073.1,,0.0021495327102803,-1.0
OQ726070.1,,0.0021495327102803,-1.0
OQ725734.1,,0.0021495327102803,-1.0
OQ725730.1,,0.0021495327102803,-1.0
OP909734.1,,0.0021495327102803,-1.0
CAUJXG000000000.1,,,
CAUJXE000000000.1,,,
CAUJXB000000000.1,,,
CAUJXF000000000.1,,,
OR418423.1,,0.0,-1.0
OR418422.1,,0.0031775700934579,-1.0
OQ948474.1,,0.0006542056074766,-1.0
OQ782228.1,,0.0022429906542056,-1.0
OQ782227.1,,0.0022429906542056,-1.0
OQ782223.1,,0.0022429906542056,-1.0
OQ782222.1,,0.0022429906542056,-1.0
OQ782220.1,,0.0022429906542056,-1.0
OQ782219.1,,0.0022429906542056,-1.0
OQ782217.1,,0.0022429906542056,-1.0
OQ782203.1,,0.0022429906542056,-1.0
OQ603306.1,,0.0007476635514018,-1.0
OQ603290.1,,0.0023364485981308,-1.0
OQ603288.1,,0.0023364485981308,-1.0
OQ603281.1,,0.0023364485981308,-1.0
OQ603279.1,,0.0023364485981308,-1.0
OQ603277.1,,0.0022429906542056,-1.0
OQ603271.1,,0.0021495327102803,-1.0
OQ603269.1,,0.0021495327102803,-1.0
OM257419.1,,0.001214953271028,-1.0
OM256481.1,,0.0021495327102803,-1.0
OM250394.1,,0.0032710280373831,-1.0
OQ652965.1,,0.0009345794392523,-1.0
OQ652964.1,,0.0021495327102803,-1.0
MG721063.2,,0.0033644859813084,-1.0
MG721062.2,,0.0215887850467289,-1.0
MG721061.2,,0.0088785046728971,-1.0
MG721060.2,,0.0079439252336448,-1.0
MG721059.2,,0.0157009345794392,-1.0
MG721058.2,,0.0058878504672897,-1.0
MG721057.2,,0.0165420560747663,-1.0
MG721056.2,,0.0064485981308411,-1.0
MG721054.2,,0.0021495327102803,-1.0
MG592698.2,,0.0116822429906542,-1.0
MH822944.2,,0.0021495327102803,-1.0
MH822943.2,,0.011214953271028,-1.0
MH822942.2,,0.0030841121495327,-1.0
MH822941.2,,0.0092523364485981,-1.0
MH822940.2,,0.0074766355140186,-1.0
MH822939.2,,0.0067289719626168,-1.0
MH822949.2,,0.0021495327102803,-1.0
MH822948.2,,0.0019626168224299,-1.0
MH822947.2,,0.0008411214953271,-1.0
MH822946.2,,0.0061682242990654,-1.0
MH822945.2,,0.0103738317757009,-1.0
MH822954.2,,0.0064485981308411,-1.0
MH822953.2,,0.0104672897196261,-1.0
MH822952.2,,0.0054205607476635,-1.0
MH822951.2,,0.0008411214953271,-1.0
MH822950.2,,0.011214953271028,-1.0
MH822959.2,,0.0013084112149532,-1.0
MH822958.2,,0.0075700934579439,-1.0
MH822957.2,,0.0075700934579439,-1.0
MH822956.2,,0.0021495327102803,-1.0
MH822955.2,,0.0021495327102803,-1.0
OM281599.1,,0.0033644859813084,-1.0
OM281598.1,,0.0032710280373831,-1.0
OM281597.1,,0.0033644859813084,-1.0
OM281596.1,,0.0032710280373831,-1.0
OM281595.1,,0.0032710280373831,-1.0
OM281594.1,,0.0032710280373831,-1.0
OM281593.1,,0.0032710280373831,-1.0
OM281592.1,,0.0032710280373831,-1.0
OM281591.1,,0.0032710280373831,-1.0
OM281590.1,,0.0032710280373831,-1.0
OM281589.1,,0.0032710280373831,-1.0
OM281588.1,,0.0032710280373831,-1.0
OM281587.1,,0.0032710280373831,-1.0
OM281586.1,,0.0032710280373831,-1.0
OM281585.1,,0.0032710280373831,-1.0
OM281584.1,,0.0032710280373831,-1.0
OM281583.1,,0.0032710280373831,-1.0
OM281582.1,,0.0032710280373831,-1.0
OM281581.1,,0.0032710280373831,-1.0
OM281580.1,,0.0032710280373831,-1.0
OM281579.1,,0.0032710280373831,-1.0
OM281578.1,,0.0032710280373831,-1.0
OM281577.1,,0.0032710280373831,-1.0
OM281576.1,,0.0032710280373831,-1.0
OM281575.1,,0.0032710280373831,-1.0
OM281574.1,,0.0032710280373831,-1.0
OM281573.1,,0.0031775700934579,-1.0
OM281572.1,,0.0032710280373831,-1.0
OM281571.1,,0.0031775700934579,-1.0
OM281570.1,,0.0032710280373831,-1.0
OM281569.1,,0.0032710280373831,-1.0
OQ101603.1,,0.0023364485981308,-1.0
ON799403.1,,0.0047663551401869,-1.0
ON799402.1,,0.0047663551401869,-1.0
ON799266.1,,0.0032710280373831,-1.0
ON123670.1,,0.0006542056074766,-1.0
ON123669.1,,0.0006542056074766,-1.0
ON123668.1,,0.0047663551401869,-1.0
ON123667.1,,0.0032710280373831,-1.0
ON123665.1,,0.0006542056074766,-1.0
ON123664.1,,0.0032710280373831,-1.0
ON123662.1,,0.0006542056074766,-1.0
ON123661.1,,0.0032710280373831,-1.0
ON123660.1,,0.0006542056074766,-1.0
ON123659.1,,0.0006542056074766,-1.0
ON123658.1,,0.0006542056074766,-1.0
ON123657.1,,0.0032710280373831,-1.0
ON123655.1,,0.0006542056074766,-1.0
ON123654.1,,0.0032710280373831,-1.0
ON123651.1,,0.0021495327102803,-1.0
ON123650.1,,0.0032710280373831,-1.0
ON123646.1,,0.0032710280373831,-1.0
LC436677.1,,0.0031775700934579,-1.0
LC436676.1,,0.0031775700934579,-1.0
LC436675.1,,0.0027102803738317,-1.0
LC436674.1,,0.0027102803738317,-1.0
LC436673.1,,0.0027102803738317,-1.0
LC436672.1,,0.0027102803738317,-1.0
LC436671.1,,0.0027102803738317,-1.0
LC436670.1,,0.0027102803738317,-1.0
LC436669.1,,0.0027102803738317,-1.0
LC436668.1,,0.0025233644859813,-1.0
LC436667.1,,0.0025233644859813,-1.0
OL314747.1,,0.0043925233644859,-1.0
OL314746.1,,0.0043925233644859,-1.0
OL314745.1,,0.0043925233644859,-1.0
OL314744.1,,0.0043925233644859,-1.0
OL314743.1,,0.0043925233644859,-1.0
OL314742.1,,0.0043925233644859,-1.0
OL314741.1,,0.0043925233644859,-1.0
OL314740.1,,0.0043925233644859,-1.0
OL314739.1,,0.0043925233644859,-1.0
OL314738.1,,0.0043925233644859,-1.0
OL314737.1,,0.0043925233644859,-1.0
OL314736.1,,0.0043925233644859,-1.0
OL314735.1,,0.0043925233644859,-1.0
MW396468.1,,0.0006542056074766,-1.0
MW396465.1,,0.0006542056074766,-1.0
OM202935.1,,0.0360747663551401,-1.0
OM202934.1,,0.022429906542056,-1.0
OP411002.1,,0.0043925233644859,-1.0
OP411001.1,,0.0043925233644859,-1.0
OP411000.1,,0.0048598130841121,-1.0
OP410999.1,,0.0043925233644859,-1.0
OP410998.1,,0.0,-1.0
OP410997.1,,0.0007476635514018,-1.0
OP410995.1,,0.0005607476635514,-1.0
OP410994.1,,0.0007476635514018,-1.0
OP410993.1,,0.0007476635514018,-1.0
OP410992.1,,0.0021495327102803,-1.0
OP410991.1,,0.0016822429906542,-1.0
OP410990.1,,0.0021495327102803,-1.0
OP410989.1,,0.0021495327102803,-1.0
LC707382.1,,0.002803738317757,-1.0
MZ215848.1,,0.0021495327102803,-1.0
ON398847.1,,0.0021495327102803,-1.0
MW721472.1,,0.0020560747663551,-1.0
ON109597.1,,0.0032710280373831,-1.0
OM681318.1,,0.0020560747663551,-1.0
OM639982.1,,0.0021495327102803,-1.0
LC652828.1,,0.0032710280373831,-1.0
LC652827.1,,0.0032710280373831,-1.0
OL452067.1,,0.0004672897196261,-1.0
OK605771.1,,0.0046728971962616,-1.0
OK605770.1,,0.0047663551401869,-1.0
OK605769.1,,0.0045794392523364,-1.0
OK605768.1,,0.0047663551401869,-1.0
OK605767.1,,0.0048598130841121,-1.0
OK605766.1,,0.0006542056074766,-1.0
OK605765.1,,0.0006542056074766,-1.0
OK605764.1,,0.0006542056074766,-1.0
OK605763.1,,0.0006542056074766,-1.0
OK605762.1,,0.0006542056074766,-1.0
OK605761.1,,0.0021495327102803,-1.0
OK605760.1,,0.0020560747663551,-1.0
OK605759.1,,0.0022429906542056,-1.0
OK605758.1,,0.0021495327102803,-1.0
OK605757.1,,0.0022429906542056,-1.0
OK605756.1,,0.0032710280373831,-1.0
OK605755.1,,0.0032710280373831,-1.0
OK605754.1,,0.0032710280373831,-1.0
OK605753.1,,0.0032710280373831,-1.0
LC666718.1,,0.0022429906542056,-1.0
OK448162.1,,0.0035514018691588,-1.0
OK605599.1,,0.0021495327102803,-1.0
OK562728.1,,0.0036448598130841,-1.0
MW315195.1,,0.0031775700934579,-1.0
MW315194.1,,0.0042056074766355,-1.0
MW315191.1,,0.0032710280373831,-1.0
MW315189.1,,0.0032710280373831,-1.0
MW315188.1,,0.0032710280373831,-1.0
MW315185.1,,0.0032710280373831,-1.0
MW315183.1,,0.0032710280373831,-1.0
MW315182.1,,0.0031775700934579,-1.0
MW315181.1,,0.0042056074766355,-1.0
MW315178.1,,0.0031775700934579,-1.0
MW315177.1,,0.0032710280373831,-1.0
MW315176.1,,0.0032710280373831,-1.0
MW315175.1,,0.0038317757009345,-1.0
MW315172.1,,0.0032710280373831,-1.0
MW577834.1,,0.0021495327102803,-1.0
MW577833.1,,0.0021495327102803,-1.0
MW577832.1,,0.0021495327102803,-1.0
MW577831.1,,0.0023364485981308,-1.0
MW577830.1,,0.0022429906542056,-1.0
MW577825.1,,0.0022429906542056,-1.0
MW577824.1,,0.0022429906542056,-1.0
MW577823.1,,0.0022429906542056,-1.0
MW577822.1,,0.0023364485981308,-1.0
MW577821.1,,0.0022429906542056,-1.0
MW577819.1,,0.0022429906542056,-1.0
MW577818.1,,0.0022429906542056,-1.0
MW577817.1,,0.0023364485981308,-1.0
MW577816.1,,0.0022429906542056,-1.0
MW577815.1,,0.0023364485981308,-1.0
MW577813.1,,0.0023364485981308,-1.0
MW512498.1,,0.0019626168224299,-1.0
MW512497.1,,0.0019626168224299,-1.0
MW512496.1,,0.0019626168224299,-1.0
MW512494.1,,0.0021495327102803,-1.0
MW512493.1,,0.0021495327102803,-1.0
MW512492.1,,0.0021495327102803,-1.0
MW512491.1,,0.0021495327102803,-1.0
MW512490.1,,0.0021495327102803,-1.0
MW512489.1,,0.0021495327102803,-1.0
MW512488.1,,0.0019626168224299,-1.0
MW512487.1,,0.0019626168224299,-1.0
MW512486.1,,0.0019626168224299,-1.0
MW512485.1,,0.0021495327102803,-1.0
MW512483.1,,0.0021495327102803,-1.0
MW512482.1,,0.001214953271028,-1.0
MW512479.1,,0.0021495327102803,-1.0
MW512477.1,,0.0021495327102803,-1.0
MW512476.1,,0.0021495327102803,-1.0
MW512475.1,,0.0021495327102803,-1.0
MW512474.1,,0.0021495327102803,-1.0
MW512473.1,,0.0021495327102803,-1.0
MW512472.1,,0.0021495327102803,-1.0
MW512471.1,,0.0021495327102803,-1.0
MW512470.1,,0.0016822429906542,-1.0
MW512469.1,,0.0016822429906542,-1.0
MW512468.1,,0.0021495327102803,-1.0
MW512465.1,,0.0021495327102803,-1.0
MW512462.1,,0.0021495327102803,-1.0
MW512461.1,,0.0021495327102803,-1.0
MW512458.1,,0.0021495327102803,-1.0
MW512457.1,,0.0021495327102803,-1.0
MW512456.1,,0.0021495327102803,-1.0
MW512454.1,,0.0021495327102803,-1.0
MW512450.1,,0.0021495327102803,-1.0
MW512449.1,,0.0021495327102803,-1.0
MW512448.1,,0.0021495327102803,-1.0
MW512447.1,,0.0021495327102803,-1.0
MW512446.1,,0.0021495327102803,-1.0
MW512445.1,,0.0021495327102803,-1.0
MW512444.1,,0.0021495327102803,-1.0
MW512443.1,,0.0021495327102803,-1.0
MW512441.1,,0.0021495327102803,-1.0
MW512440.1,,0.0021495327102803,-1.0
MW512439.1,,0.0021495327102803,-1.0
MW512438.1,,0.0021495327102803,-1.0
MW512437.1,,0.0021495327102803,-1.0
MW512436.1,,0.0021495327102803,-1.0
MW512435.1,,0.0021495327102803,-1.0
MW512434.1,,0.0021495327102803,-1.0
MW512433.1,,0.0021495327102803,-1.0
MW512432.1,,0.0021495327102803,-1.0
MW512430.1,,0.0021495327102803,-1.0
MW512427.1,,0.0021495327102803,-1.0
MW512426.1,,0.0021495327102803,-1.0
MW512425.1,,0.0021495327102803,-1.0
MW512423.1,,0.0021495327102803,-1.0
MW512422.1,,0.0021495327102803,-1.0
MW512421.1,,0.0021495327102803,-1.0
MW512420.1,,0.0021495327102803,-1.0
MW512418.1,,0.0021495327102803,-1.0
MW512417.1,,0.0021495327102803,-1.0
MW512415.1,,0.0021495327102803,-1.0
MW512414.1,,0.0021495327102803,-1.0
MW512413.1,,0.0021495327102803,-1.0
MW512412.1,,0.0021495327102803,-1.0
MW512411.1,,0.0021495327102803,-1.0
MW512410.1,,0.0021495327102803,-1.0
MW512408.1,,0.0021495327102803,-1.0
MW512407.1,,0.0021495327102803,-1.0
MW512406.1,,0.0021495327102803,-1.0
MW512405.1,,0.0021495327102803,-1.0
MW512404.1,,0.0021495327102803,-1.0
MW512403.1,,0.0021495327102803,-1.0
MW512401.1,,0.0021495327102803,-1.0
MW512400.1,,0.0021495327102803,-1.0
MW512399.1,,0.0021495327102803,-1.0
MW512398.1,,0.0021495327102803,-1.0
MW512396.1,,0.0021495327102803,-1.0
MW512395.1,,0.0021495327102803,-1.0
MW512393.1,,0.0021495327102803,-1.0
MW512392.1,,0.0021495327102803,-1.0
MW512391.1,,0.0021495327102803,-1.0
MW512390.1,,0.0021495327102803,-1.0
MW512389.1,,0.0021495327102803,-1.0
MW512388.1,,0.0021495327102803,-1.0
MW512385.1,,0.0021495327102803,-1.0
MW512384.1,,0.0021495327102803,-1.0
MW512383.1,,0.0021495327102803,-1.0
MW512382.1,,0.0021495327102803,-1.0
MW512381.1,,0.0021495327102803,-1.0
MW512380.1,,0.0021495327102803,-1.0
MW512379.1,,0.0021495327102803,-1.0
MW512377.1,,0.0021495327102803,-1.0
MW512376.1,,0.0021495327102803,-1.0
MW512375.1,,0.0021495327102803,-1.0
MW512374.1,,0.0021495327102803,-1.0
MW512373.1,,0.0021495327102803,-1.0
MW512372.1,,0.0021495327102803,-1.0
MW512371.1,,0.0021495327102803,-1.0
MW512370.1,,0.0021495327102803,-1.0
MW512369.1,,0.0021495327102803,-1.0
MW512368.1,,0.0021495327102803,-1.0
MW512367.1,,0.0021495327102803,-1.0
MW512366.1,,0.0021495327102803,-1.0
MW512365.1,,0.0021495327102803,-1.0
MW512364.1,,0.0021495327102803,-1.0
MW512363.1,,0.0021495327102803,-1.0
MW512362.1,,0.0021495327102803,-1.0
MW512341.1,,0.0021495327102803,-1.0
MZ285732.1,,0.0032710280373831,-1.0
MZ284953.1,,0.0032710280373831,-1.0
MZ008467.1,,0.0022429906542056,-1.0
MZ008463.1,,0.0023364485981308,-1.0
MW828678.1,,0.0032710280373831,-1.0
MW793460.1,,0.0048598130841121,-1.0
MW793459.1,,0.0048598130841121,-1.0
MW186240.1,,0.0021495327102803,-1.0
MW186239.1,,0.0021495327102803,-1.0
MW362474.1,,0.0032710280373831,-1.0
MW362471.1,,0.0032710280373831,-1.0
MW582816.1,,0.0032710280373831,-1.0
MW582815.1,,0.0032710280373831,-1.0
MW582814.1,,0.0032710280373831,-1.0
MW582813.1,,0.0032710280373831,-1.0
MK783210.1,,0.0013084112149532,-1.0
MK783209.1,,0.0039252336448598,-1.0
MK783208.1,,0.002429906542056,-1.0
MK783207.1,,0.0018691588785046,-1.0
MK783206.1,,0.0005607476635514,-1.0
MK783205.1,,0.0015887850467289,-1.0
MK783204.1,,0.0020560747663551,-1.0
MK783203.1,,0.0015887850467289,-1.0
MK783202.1,,0.0058878504672897,-1.0
MK783201.1,,0.0015887850467289,-1.0
MK783200.1,,0.0015887850467289,-1.0
MK783199.1,,0.0020560747663551,-1.0
MK783198.1,,0.0057943925233644,-1.0
MK783197.1,,0.0015887850467289,-1.0
MK783196.1,,0.0019626168224299,-1.0
MK783195.1,,0.0020560747663551,-1.0
MK783194.1,,0.0019626168224299,-1.0
MK783193.1,,0.0020560747663551,-1.0
MK783192.1,,0.0015887850467289,-1.0
MK783191.1,,0.0020560747663551,-1.0
MK783190.1,,0.002429906542056,-1.0
MK783189.1,,0.0021495327102803,-1.0
MW386867.1,,0.0036448598130841,-1.0
MW386865.1,,0.0039252336448598,-1.0
MN566112.1,,0.0020560747663551,-1.0
MN566111.1,,0.0020560747663551,-1.0
MN253125.1,,0.0045794392523364,-1.0
MN294937.1,,0.0021495327102803,-1.0
MT921571.1,,0.0021495327102803,-1.0
MN886874.1,,0.0020560747663551,-1.0
MN886870.1,,0.0020560747663551,-1.0
MN886865.1,,0.0019626168224299,-1.0
MT076955.1,,0.0048598130841121,-1.0
MT076937.1,,0.0021495327102803,-1.0
MT076935.1,,0.0032710280373831,-1.0
MT076934.1,,0.0032710280373831,-1.0
MT076933.1,,0.0032710280373831,-1.0
MT076932.1,,0.0032710280373831,-1.0
MT180479.1,,0.0021495327102803,-1.0
MT447147.1,,0.0034579439252336,-1.0
LC379197.1,,0.0055140186915887,-1.0
LC379196.1,,0.0034579439252336,-1.0
LC379195.1,,0.0034579439252336,-1.0
LC379194.1,,0.0034579439252336,-1.0
LC379193.1,,0.0034579439252336,-1.0
MK517773.1,,0.0050467289719626,-1.0
KR052012.1,,0.0013084112149532,-1.0
MN192436.1,,0.0046728971962616,-1.0
MN018398.1,,0.0044859813084112,-1.0
MN018397.1,,0.0044859813084112,-1.0
MN018396.1,,0.0044859813084112,-1.0
MN018395.1,,0.0044859813084112,-1.0
MN018394.1,,0.0044859813084112,-1.0
MN018393.1,,0.0044859813084112,-1.0
MN018392.1,,0.0044859813084112,-1.0
MN018391.1,,0.0044859813084112,-1.0
MN018390.1,,0.0044859813084112,-1.0
MN018389.1,,0.0007476635514018,-1.0
MN018388.1,,0.0007476635514018,-1.0
MN018387.1,,0.0007476635514018,-1.0
MN018386.1,,0.0007476635514018,-1.0
MN018385.1,,0.0007476635514018,-1.0
MN018384.1,,0.0007476635514018,-1.0
MN018383.1,,0.0007476635514018,-1.0
MN018382.1,,0.0007476635514018,-1.0
MN018381.1,,0.0007476635514018,-1.0
MN018380.1,,0.0007476635514018,-1.0
MN018379.1,,0.0007476635514018,-1.0
MN018378.1,,0.0007476635514018,-1.0
MN018377.1,,0.0007476635514018,-1.0
MN018376.1,,0.0007476635514018,-1.0
MN018375.1,,0.0007476635514018,-1.0
MN018374.1,,0.0007476635514018,-1.0
MN018373.1,,0.0007476635514018,-1.0
MN018372.1,,0.0007476635514018,-1.0
MN018371.1,,0.0007476635514018,-1.0
MN018370.1,,0.0007476635514018,-1.0
MN018369.1,,0.0007476635514018,-1.0
MN018368.1,,0.0007476635514018,-1.0
MN018367.1,,0.0007476635514018,-1.0
MN018366.1,,0.0022429906542056,-1.0
MN018365.1,,0.0022429906542056,-1.0
MN018364.1,,0.0022429906542056,-1.0
MN018363.1,,0.0022429906542056,-1.0
MN018362.1,,0.0022429906542056,-1.0
MN018361.1,,0.0022429906542056,-1.0
MN018360.1,,0.0022429906542056,-1.0
MN018359.1,,0.0022429906542056,-1.0
MN018358.1,,0.0022429906542056,-1.0
MN018357.1,,0.0022429906542056,-1.0
MN018356.1,,0.0022429906542056,-1.0
MN018355.1,,0.0022429906542056,-1.0
MN018354.1,,0.0022429906542056,-1.0
MN018353.1,,0.0022429906542056,-1.0
MN018352.1,,0.0022429906542056,-1.0
MN018351.1,,0.0022429906542056,-1.0
MN018350.1,,0.0022429906542056,-1.0
MN018349.1,,0.0022429906542056,-1.0
MN018348.1,,0.0022429906542056,-1.0
MN018347.1,,0.0022429906542056,-1.0
MN018346.1,,0.0022429906542056,-1.0
MN018345.1,,0.0022429906542056,-1.0
MN018344.1,,0.0022429906542056,-1.0
MN018343.1,,0.0022429906542056,-1.0
MN018342.1,,0.0022429906542056,-1.0
MN018341.1,,0.0022429906542056,-1.0
MN018340.1,,0.0022429906542056,-1.0
MN018339.1,,0.0022429906542056,-1.0
MN018338.1,,0.0022429906542056,-1.0
MN018337.1,,0.0022429906542056,-1.0
MN018336.1,,0.0032710280373831,-1.0
MN018335.1,,0.0032710280373831,-1.0
MN018334.1,,0.0032710280373831,-1.0
MN018333.1,,0.0032710280373831,-1.0
MN018332.1,,0.0032710280373831,-1.0
MN018331.1,,0.0032710280373831,-1.0
MN018330.1,,0.0032710280373831,-1.0
MN018329.1,,0.0032710280373831,-1.0
MN018328.1,,0.0032710280373831,-1.0
MN018327.1,,0.0032710280373831,-1.0
MN018326.1,,0.0032710280373831,-1.0
MN018325.1,,0.0032710280373831,-1.0
MN018324.1,,0.0032710280373831,-1.0
MN018323.1,,0.0032710280373831,-1.0
MN018322.1,,0.0032710280373831,-1.0
MN018321.1,,0.0032710280373831,-1.0
MN018320.1,,0.0032710280373831,-1.0
MN018319.1,,0.0032710280373831,-1.0
MN018318.1,,0.0032710280373831,-1.0
MN018317.1,,0.0032710280373831,-1.0
MN018316.1,,0.0032710280373831,-1.0
MN018315.1,,0.0032710280373831,-1.0
MN018314.1,,0.0032710280373831,-1.0
MN018313.1,,0.0032710280373831,-1.0
MN018312.1,,0.0032710280373831,-1.0
MN018311.1,,0.0032710280373831,-1.0
MN018310.1,,0.0032710280373831,-1.0
MN018309.1,,0.0032710280373831,-1.0
MN018308.1,,0.0032710280373831,-1.0
MN018307.1,,0.0032710280373831,-1.0
MN018306.1,,0.0032710280373831,-1.0
MN018305.1,,0.0032710280373831,-1.0
MN018304.1,,0.0032710280373831,-1.0
MN018303.1,,0.0032710280373831,-1.0
MN018302.1,,0.0032710280373831,-1.0
MN018301.1,,0.0032710280373831,-1.0
MN018300.1,,0.0032710280373831,-1.0
MN018299.1,,0.0032710280373831,-1.0
MN018298.1,,0.0032710280373831,-1.0
MN018297.1,,0.0032710280373831,-1.0
MN018296.1,,0.0032710280373831,-1.0
MN018295.1,,0.0032710280373831,-1.0
MN018294.1,,0.0032710280373831,-1.0
MN018293.1,,0.0032710280373831,-1.0
MN018292.1,,0.0032710280373831,-1.0
MN018291.1,,0.0032710280373831,-1.0
MN018290.1,,0.0032710280373831,-1.0
MN018289.1,,0.0032710280373831,-1.0
MN018288.1,,0.0032710280373831,-1.0
MN018287.1,,0.0032710280373831,-1.0
MN018286.1,,0.0032710280373831,-1.0
MN018285.1,,0.0032710280373831,-1.0
KJ579245.1,,0.0047663551401869,-1.0
KJ596658.1,,0.0047663551401869,-1.0
KJ596659.1,,0.0047663551401869,-1.0
KJ596660.1,,0.0047663551401869,-1.0
KJ596661.1,,0.0047663551401869,-1.0
KJ596662.1,,0.0047663551401869,-1.0
KJ596663.1,,0.0047663551401869,-1.0
KJ596664.1,,0.0047663551401869,-1.0
KJ596665.1,,0.0047663551401869,-1.0
KJ596666.1,,0.0047663551401869,-1.0
KJ596667.1,,0.0047663551401869,-1.0
KJ596668.1,,0.0047663551401869,-1.0
KJ596669.1,,0.0047663551401869,-1.0
KJ596670.1,,0.0047663551401869,-1.0
KJ596671.1,,0.0047663551401869,-1.0
KJ596672.1,,0.0047663551401869,-1.0
KJ596673.1,,0.0047663551401869,-1.0
KJ596674.1,,0.0047663551401869,-1.0
KJ579248.1,,0.0047663551401869,-1.0
KJ579247.1,,0.0046728971962616,-1.0
KJ579246.1,,0.0047663551401869,-1.0
KJ579244.1,,0.0047663551401869,-1.0
KJ579243.1,,0.0047663551401869,-1.0
KJ579242.1,,0.0047663551401869,-1.0
KJ579241.1,,0.0047663551401869,-1.0
KJ579240.1,,0.0047663551401869,-1.0
JN819404.1,,0.0165420560747663,-1.0
MH891772.1,,0.0177570093457943,-1.0
MH891771.1,,0.0071962616822429,-1.0
MH891770.1,,0.0237383177570093,-1.0
MH891769.1,,0.0277570093457943,-1.0
MH891768.1,,0.0014953271028037,-1.0
MH891767.1,,0.0059813084112149,-1.0
MH891766.1,,0.0059813084112149,-1.0
MK005258.1,,0.004018691588785,-1.0
MF940253.1,,0.0014953271028037,-1.0
MF940252.1,,0.0014953271028037,-1.0
MF940251.1,,0.0014953271028037,-1.0
MF940250.1,,0.0014953271028037,-1.0
MF940249.1,,0.0014953271028037,-1.0
MF940248.1,,0.0014953271028037,-1.0
MF940247.1,,0.0014953271028037,-1.0
MF940246.1,,0.0014953271028037,-1.0
MF940245.1,,0.0014953271028037,-1.0
MF940244.1,,0.0014953271028037,-1.0
MF940243.1,,0.0014953271028037,-1.0
MF940242.1,,0.0014953271028037,-1.0
MF940241.1,,0.0014953271028037,-1.0
MF940240.1,,0.0014953271028037,-1.0
MF940239.1,,0.0014953271028037,-1.0
MF940238.1,,0.0014953271028037,-1.0
MF940237.1,,0.0014953271028037,-1.0
MF940236.1,,0.0014953271028037,-1.0
MN272405.1,,0.0022429906542056,-1.0
MN272404.1,,0.0022429906542056,-1.0
MN328061.1,,9.345794392523364e-05,-1.0
MN239505.1,,0.0033644859813084,-1.0
MH827554.1,,0.0022429906542056,-1.0
MH827553.1,,0.0022429906542056,-1.0
MH827552.1,,0.0022429906542056,-1.0
MH827551.1,,0.0022429906542056,-1.0
MH827550.1,,0.0022429906542056,-1.0
MH827549.1,,0.0022429906542056,-1.0
MH827548.1,,0.0022429906542056,-1.0
MH827547.1,,0.0022429906542056,-1.0
MH827546.1,,0.0022429906542056,-1.0
MH827545.1,,0.0022429906542056,-1.0
MH827544.1,,0.0022429906542056,-1.0
MH827543.1,,0.0022429906542056,-1.0
MH827542.1,,0.0022429906542056,-1.0
MH827541.1,,0.0022429906542056,-1.0
MH827540.1,,0.0022429906542056,-1.0
MH827538.1,,0.0022429906542056,-1.0
MH827537.1,,0.0022429906542056,-1.0
MH827536.1,,0.0022429906542056,-1.0
MH827535.1,,0.0022429906542056,-1.0
MH827534.1,,0.0022429906542056,-1.0
MH827533.1,,0.0022429906542056,-1.0
MH827532.1,,0.0022429906542056,-1.0
MH827531.1,,0.0022429906542056,-1.0
MH827530.1,,0.0022429906542056,-1.0
MH827529.1,,0.0022429906542056,-1.0
MH827528.1,,0.0022429906542056,-1.0
MH827527.1,,0.0022429906542056,-1.0
MH827526.1,,0.0022429906542056,-1.0
NC_001475.2,,0.0006542056074766,-1.0
NC_001474.2,,0.0021495327102803,-1.0
NC_002640.1,,0.0047663551401869,-1.0
MG181997.1,,0.0014018691588785,-1.0
MK894341.1,,0.0054205607476635,-1.0
MK894340.1,,0.0046728971962616,-1.0
MK894339.1,,0.0046728971962616,-1.0
MK894338.1,,0.0046728971962616,-1.0
NC_001477.1,,0.0032710280373831,-1.0
MG097876.1,,0.0032710280373831,-1.0
MG097875.1,,0.0004672897196261,-1.0
MK514144.1,,0.0047663551401869,-1.0
MH781015.1,,0.0004672897196261,-1.0
MH781014.1,,0.0077570093457943,-1.0
MH781013.1,,0.0045794392523364,-1.0
MK543479.1,,0.0014953271028037,-1.0
MK543471.1,,0.0014953271028037,-1.0
MK543450.1,,0.0014953271028037,-1.0
MK543449.1,,0.0014953271028037,-1.0
MK543448.1,,0.0014953271028037,-1.0
MH613986.1,,0.0021495327102803,-1.0
MH613985.1,,0.0021495327102803,-1.0
MH613984.1,,0.0021495327102803,-1.0
MK506266.1,,0.0073831775700934,-1.0
MK506265.1,,0.0046728971962616,-1.0
MK506264.1,,0.0011214953271028,-1.0
MK506263.1,,0.0011214953271028,-1.0
MK506262.1,,9.345794392523364e-05,-1.0
MK513444.1,,0.0021495327102803,-1.0
KY672960.1,,0.0036448598130841,-1.0
KY672959.1,,0.0036448598130841,-1.0
KY672958.1,,0.0036448598130841,-1.0
KY672957.1,,0.0036448598130841,-1.0
KY672956.1,,0.0036448598130841,-1.0
KY672955.1,,0.0021495327102803,-1.0
KY672954.1,,0.0032710280373831,-1.0
KY672953.1,,0.0032710280373831,-1.0
KY672952.1,,0.0029906542056074,-1.0
KY672951.1,,0.0018691588785046,-1.0
KY672950.1,,0.0021495327102803,-1.0
KY672949.1,,0.0021495327102803,-1.0
KY672948.1,,0.0021495327102803,-1.0
KY672947.1,,0.0021495327102803,-1.0
KY672946.1,,0.0021495327102803,-1.0
KY672945.1,,0.0021495327102803,-1.0
KY672944.1,,0.0008411214953271,-1.0
KY672943.1,,0.0034579439252336,-1.0
KY672942.1,,0.0034579439252336,-1.0
KY672941.1,,0.0013084112149532,-1.0
KY672940.1,,0.0006542056074766,-1.0
KY672939.1,,0.0006542056074766,-1.0
KY672938.1,,0.0035514018691588,-1.0
KY672937.1,,0.0035514018691588,-1.0
KY672936.1,,0.0035514018691588,-1.0
KY672935.1,,0.0035514018691588,-1.0
KY672934.1,,0.0035514018691588,-1.0
KY672933.1,,0.0013084112149532,-1.0
KY672932.1,,0.0003738317757009,-1.0
KY672931.1,,0.0035514018691588,-1.0
MH823210.1,,0.0048598130841121,-1.0
MH823209.1,,0.0006542056074766,-1.0
MH823207.1,,0.0026168224299065,-1.0
MK268692.1,,0.0019626168224299,-1.0
MH888334.1,,0.0088785046728971,-1.0
MH888333.1,,0.0015887850467289,-1.0
MH888332.1,,0.0038317757009345,-1.0
MH888331.1,,0.0223364485981308,-1.0
MH010629.1,,0.0009345794392523,-1.0
MG721055.1,,0.002429906542056,-1.0
MG721064.1,,0.0387850467289719,-1.0
KY923048.1,,0.0034579439252336,-1.0
MH921567.1,,0.0005607476635514,-1.0
MH921566.1,,0.0005607476635514,-1.0
MH985859.1,,0.0020560747663551,-1.0
MH985858.1,,0.0021495327102803,-1.0
KY057373.1,,0.0032710280373831,-1.0
KY057372.1,,0.0032710280373831,-1.0
KY057371.1,,0.0032710280373831,-1.0
KY057370.1,,0.0032710280373831,-1.0
KY057369.1,,0.0032710280373831,-1.0
KY057368.1,,0.0032710280373831,-1.0
KY057367.1,,0.0032710280373831,-1.0
KY057366.1,,0.0032710280373831,-1.0
KY057365.1,,0.0032710280373831,-1.0
MG767211.1,,0.0,-1.0
MG560144.1,,0.002803738317757,-1.0
MG560143.1,,0.0021495327102803,-1.0
MH382789.1,,0.0043925233644859,-1.0
MH110603.1,,0.0489719626168224,-1.0
MH110602.1,,0.0489719626168224,-1.0
MH110601.1,,0.0489719626168224,-1.0
MH110600.1,,0.0489719626168224,-1.0
MH110599.1,,0.0489719626168224,-1.0
MH110598.1,,0.0489719626168224,-1.0
MH110597.1,,0.0489719626168224,-1.0
MH110596.1,,0.0489719626168224,-1.0
MH110595.1,,0.0489719626168224,-1.0
MH110594.1,,0.0489719626168224,-1.0
MH110593.1,,0.0489719626168224,-1.0
MH110592.1,,0.0489719626168224,-1.0
MH110591.1,,0.0489719626168224,-1.0
MH110590.1,,0.0489719626168224,-1.0
MH110589.1,,0.0489719626168224,-1.0
MH110588.1,,0.0489719626168224,-1.0
MH110587.1,,0.0489719626168224,-1.0
MH110586.1,,0.0489719626168224,-1.0
MH110585.1,,0.0489719626168224,-1.0
MH110584.1,,0.0489719626168224,-1.0
MH110583.1,,0.0489719626168224,-1.0
MH110582.1,,0.0489719626168224,-1.0
MH110581.1,,0.0489719626168224,-1.0
MH110580.1,,0.0489719626168224,-1.0
MH110579.1,,0.0489719626168224,-1.0
MH110578.1,,0.0489719626168224,-1.0
MH110577.1,,0.0489719626168224,-1.0
MH110576.1,,0.0489719626168224,-1.0
MH110575.1,,0.0489719626168224,-1.0
MH110574.1,,0.0489719626168224,-1.0
MH110573.1,,0.0489719626168224,-1.0
MH110572.1,,0.0489719626168224,-1.0
MH110571.1,,0.0489719626168224,-1.0
MH110570.1,,0.0489719626168224,-1.0
MH110569.1,,0.0489719626168224,-1.0
MH110568.1,,0.0489719626168224,-1.0
MH110567.1,,0.0489719626168224,-1.0
MH110566.1,,0.0489719626168224,-1.0
MH110565.1,,0.0489719626168224,-1.0
MH110564.1,,0.0489719626168224,-1.0
MG877557.1,,0.0047663551401869,-1.0
MG877556.1,,0.0016822429906542,-1.0
MG877555.1,,0.0017757009345794,-1.0
MG877554.1,,0.0017757009345794,-1.0
MG877553.1,,0.0017757009345794,-1.0
MG877552.1,,0.0070093457943925,-1.0
MF033261.1,,0.0013084112149532,-1.0
MF033260.1,,0.0032710280373831,-1.0
MF033259.1,,0.0021495327102803,-1.0
MF033258.1,,0.0022429906542056,-1.0
MF033257.1,,0.0032710280373831,-1.0
MF033256.1,,0.0013084112149532,-1.0
MF033255.1,,0.0013084112149532,-1.0
MF033254.1,,0.0009345794392523,-1.0
MF033253.1,,0.0013084112149532,-1.0
MF033252.1,,0.0013084112149532,-1.0
MF033251.1,,0.0013084112149532,-1.0
MF033250.1,,0.0017757009345794,-1.0
MF033249.1,,0.0018691588785046,-1.0
MF033248.1,,0.0032710280373831,-1.0
MF033247.1,,0.0032710280373831,-1.0
MF033246.1,,0.0032710280373831,-1.0
MF033245.1,,0.0032710280373831,-1.0
MF033244.1,,0.0032710280373831,-1.0
MF033243.1,,0.0013084112149532,-1.0
MF033242.1,,0.0013084112149532,-1.0
MF033241.1,,0.0013084112149532,-1.0
MF033240.1,,0.0032710280373831,-1.0
MF033239.1,,0.0032710280373831,-1.0
MF033238.1,,0.0013084112149532,-1.0
MF033237.1,,0.0013084112149532,-1.0
MF033236.1,,0.0032710280373831,-1.0
MF033235.1,,0.0032710280373831,-1.0
MF033234.1,,0.0013084112149532,-1.0
MF033233.1,,0.0032710280373831,-1.0
MF033232.1,,0.0032710280373831,-1.0
MF033231.1,,0.0032710280373831,-1.0
MF033230.1,,0.0032710280373831,-1.0
MF033229.1,,0.0013084112149532,-1.0
MF033228.1,,0.0032710280373831,-1.0
MF033227.1,,0.0013084112149532,-1.0
MF033226.1,,0.0013084112149532,-1.0
MF033225.1,,0.0032710280373831,-1.0
MF033224.1,,0.0036448598130841,-1.0
MF033223.1,,0.0032710280373831,-1.0
MF033222.1,,0.0032710280373831,-1.0
MF033221.1,,0.0014018691588785,-1.0
MF033220.1,,0.0032710280373831,-1.0
MF033219.1,,0.0032710280373831,-1.0
MF033218.1,,0.0032710280373831,-1.0
MF033217.1,,0.0009345794392523,-1.0
MF033216.1,,0.0032710280373831,-1.0
MF033215.1,,0.0032710280373831,-1.0
MF033214.1,,0.0032710280373831,-1.0
MF033213.1,,0.0013084112149532,-1.0
MF033212.1,,0.0013084112149532,-1.0
MF033211.1,,0.0013084112149532,-1.0
MF033210.1,,0.0032710280373831,-1.0
MF033209.1,,0.0032710280373831,-1.0
MF033208.1,,0.0032710280373831,-1.0
MF033207.1,,0.0032710280373831,-1.0
MF033206.1,,0.0032710280373831,-1.0
MF033205.1,,0.0013084112149532,-1.0
MF033204.1,,0.0013084112149532,-1.0
MF033203.1,,0.0032710280373831,-1.0
MF033202.1,,0.0032710280373831,-1.0
MF033201.1,,0.0032710280373831,-1.0
MF033200.1,,0.0013084112149532,-1.0
MF033199.1,,0.0032710280373831,-1.0
MF033198.1,,0.0013084112149532,-1.0
MF033197.1,,0.0032710280373831,-1.0
MF033196.1,,0.0032710280373831,-1.0
MG560269.1,,0.0109345794392523,-1.0
MG560268.1,,0.0109345794392523,-1.0
MG560267.1,,0.0109345794392523,-1.0
MG560266.1,,0.0109345794392523,-1.0
MG560265.1,,0.0089719626168224,-1.0
MG679801.1,,0.0032710280373831,-1.0
MG679800.1,,0.0032710280373831,-1.0
MH544651.1,,0.0005607476635514,-1.0
MH544650.1,,0.0007476635514018,-1.0
MH544649.1,,0.0006542056074766,-1.0
MH544647.1,,0.0006542056074766,-1.0
MF459663.3,,0.0022429906542056,-1.0
MH450301.2,,0.0204672897196261,-1.0
MH450311.1,,0.0014953271028037,-1.0
MH450310.1,,0.0025233644859813,-1.0
MH450309.1,,0.0047663551401869,-1.0
MH450308.1,,0.0106542056074766,-1.0
MH450307.1,,0.0047663551401869,-1.0
MH450306.1,,0.0010280373831775,-1.0
MH450305.1,,0.0047663551401869,-1.0
MH450304.1,,9.345794392523364e-05,-1.0
MH450303.1,,0.0026168224299065,-1.0
MH450302.1,,0.0008411214953271,-1.0
MH450300.1,,0.0251401869158878,-1.0
MH450299.1,,0.0020560747663551,-1.0
MH450298.1,,0.0121495327102803,-1.0
MH450297.1,,0.0,-1.0
MH450296.1,,0.0025233644859813,-1.0
MH450295.1,,0.0008411214953271,-1.0
MH450312.1,,0.0048598130841121,-1.0
KX618706.1,,0.0032710280373831,-1.0
KX618705.1,,0.0032710280373831,-1.0
MH215277.1,,0.0020560747663551,-1.0
MH069499.1,,0.0011214953271028,-1.0
MH069498.1,,0.0003738317757009,-1.0
MH069497.1,,0.0010280373831775,-1.0
MH069496.1,,0.0005607476635514,-1.0
MH069495.1,,0.0075700934579439,-1.0
MF314189.1,,0.0099065420560747,-1.0
MF314188.1,,0.0005607476635514,-1.0
MG272274.1,,0.0044859813084112,-1.0
MG272273.1,,0.0044859813084112,-1.0
MG272272.1,,0.0044859813084112,-1.0
MF043956.1,,0.0021495327102803,-1.0
KY926849.1,,0.009626168224299,-1.0
KY926848.1,,0.009626168224299,-1.0
KY794790.1,,0.0061682242990654,-1.0
KY794789.1,,0.0061682242990654,-1.0
KY794788.1,,0.0102803738317757,-1.0
KY794787.1,,0.0077570093457943,-1.0
KY794786.1,,0.0053271028037383,-1.0
KY794785.1,,0.004018691588785,-1.0
MG601754.1,,0.0067289719626168,-1.0
KY670635.1,,0.0077570093457943,-1.0
KY670634.1,,0.0044859813084112,-1.0
KY670633.1,,0.0057943925233644,-1.0
MF683117.1,,0.0032710280373831,-1.0
MF683116.1,,0.0032710280373831,-1.0
MF681693.1,,0.0032710280373831,-1.0
MF681692.1,,0.0032710280373831,-1.0
LC367234.1,,0.0021495327102803,-1.0
KX855927.1,,0.0090654205607476,-1.0
KY474335.1,,0.0054205607476635,-1.0
KY474334.1,,0.022429906542056,-1.0
KY474333.1,,0.0048598130841121,-1.0
KY474332.1,,0.0049532710280373,-1.0
KY474331.1,,0.0048598130841121,-1.0
KY474330.1,,0.0048598130841121,-1.0
KY474329.1,,0.0048598130841121,-1.0
KY474328.1,,0.0048598130841121,-1.0
KY474327.1,,0.0048598130841121,-1.0
KY474326.1,,0.0048598130841121,-1.0
KY474325.1,,0.0048598130841121,-1.0
KY474324.1,,0.0048598130841121,-1.0
KY474323.1,,0.0048598130841121,-1.0
KY474322.1,,0.0048598130841121,-1.0
KY474321.1,,0.0049532710280373,-1.0
KY474320.1,,0.0049532710280373,-1.0
KY474319.1,,0.0048598130841121,-1.0
KY474318.1,,0.0048598130841121,-1.0
KY474317.1,,0.0049532710280373,-1.0
KY474316.1,,0.0049532710280373,-1.0
KY474315.1,,0.0048598130841121,-1.0
KY474314.1,,0.0048598130841121,-1.0
KY474313.1,,0.0048598130841121,-1.0
KY474312.1,,0.0048598130841121,-1.0
KY474311.1,,0.0049532710280373,-1.0
KY474310.1,,0.0049532710280373,-1.0
KY474309.1,,0.0048598130841121,-1.0
KY474308.1,,0.0048598130841121,-1.0
KY474307.1,,0.0021495327102803,-1.0
KY474306.1,,0.0021495327102803,-1.0
KY474305.1,,0.0022429906542056,-1.0
KY474304.1,,0.0020560747663551,-1.0
KY474303.1,,0.0020560747663551,-1.0
KY882458.1,,0.0021495327102803,-1.0
MG189962.1,,0.0032710280373831,-1.0
MF797878.1,,0.001214953271028,-1.0
MF576311.1,,0.0008411214953271,-1.0
KY937190.1,,0.0038317757009345,-1.0
KY937189.1,,0.0031775700934579,-1.0
KY937188.1,,0.0038317757009345,-1.0
KY937187.1,,0.0039252336448598,-1.0
KY937186.1,,0.0039252336448598,-1.0
KY937185.1,,0.0039252336448598,-1.0
KY451945.1,,0.0078504672897196,-1.0
KX702404.1,,0.0021495327102803,-1.0
MF405201.1,,0.0113084112149532,-1.0
MF370226.1,,0.006822429906542,-1.0
KY863456.1,,0.0006542056074766,-1.0
KY829115.1,,0.0015887850467289,-1.0
KX595191.1,,0.0029906542056074,-1.0
KT279761.2,,0.0032710280373831,-1.0
KY427085.1,,0.0021495327102803,-1.0
KY427084.1,,0.0021495327102803,-1.0
KY921910.1,,0.0091588785046728,-1.0
KY921909.1,,0.0088785046728971,-1.0
KY921907.1,,0.0030841121495327,-1.0
KY921906.1,,0.0023364485981308,-1.0
KY921905.1,,0.0021495327102803,-1.0
KY921904.1,,0.0021495327102803,-1.0
KY921903.1,,0.0013084112149532,-1.0
KY921902.1,,0.0032710280373831,-1.0
KX224312.2,,0.0044859813084112,-1.0
LC129172.1,,0.0021495327102803,-1.0
LC129171.1,,0.0021495327102803,-1.0
LC129170.1,,0.0021495327102803,-1.0
LC129169.1,,0.0021495327102803,-1.0
KX845005.1,,0.0049532710280373,-1.0
KP792537.2,,0.0045794392523364,-1.0
KR779786.2,,0.0021495327102803,-1.0
AB214882.1,,0.0006542056074766,-1.0
AB214881.1,,0.0006542056074766,-1.0
AB214880.1,,0.0006542056074766,-1.0
AB214879.1,,0.0006542056074766,-1.0
AB195673.1,,0.0016822429906542,-1.0
KY627763.1,,0.0023364485981308,-1.0
KX655788.1,,0.0029906542056074,-1.0
KX655787.1,,0.0060747663551401,-1.0
KX655786.1,,0.0043925233644859,-1.0
KX621253.1,,0.0013084112149532,-1.0
KX621252.1,,0.0076635514018691,-1.0
KX621251.1,,0.0071028037383177,-1.0
KX621250.1,,0.0047663551401869,-1.0
KX621249.1,,0.0053271028037383,-1.0
KX621248.1,,0.0017757009345794,-1.0
KX621247.1,,0.0017757009345794,-1.0
KX621246.1,,0.0017757009345794,-1.0
KX621245.1,,0.0017757009345794,-1.0
KX459392.1,,0.0025233644859813,-1.0
KX459391.1,,0.0071962616822429,-1.0
KX459390.1,,0.0029906542056074,-1.0
KX459389.1,,0.0033644859813084,-1.0
KX459388.1,,0.0031775700934579,-1.0
KX459387.1,,0.002803738317757,-1.0
KX459386.1,,0.0031775700934579,-1.0
KY415992.1,,0.0022429906542056,-1.0
KU509288.1,,0.0186915887850467,-1.0
KU509287.1,,0.0182242990654205,-1.0
KU509286.1,,0.0193457943925233,-1.0
KU509285.1,,0.0194392523364486,-1.0
KU509284.1,,0.019626168224299,-1.0
KU509283.1,,0.034018691588785,-1.0
KU509282.1,,0.0123364485981308,-1.0
KU509281.1,,0.041214953271028,-1.0
KU509280.1,,0.0410280373831775,-1.0
KU509279.1,,0.0362616822429906,-1.0
KU509278.1,,0.0401869158878504,-1.0
KU509277.1,,0.0139252336448598,-1.0
KU509276.1,,0.0285046728971962,-1.0
KU509275.1,,0.0228971962616822,-1.0
KU509274.1,,0.0149532710280373,-1.0
KU509273.1,,0.0146728971962616,-1.0
KU509272.1,,0.0409345794392523,-1.0
KU509271.1,,0.0143925233644859,-1.0
KU509270.1,,0.0153271028037383,-1.0
KU509269.1,,0.0133644859813084,-1.0
KU509267.1,,0.012429906542056,-1.0
KU509266.1,,0.0032710280373831,-1.0
KU509265.1,,0.01,-1.0
KU509264.1,,0.042429906542056,-1.0
KU509263.1,,0.0303738317757009,-1.0
KU509262.1,,0.0106542056074766,-1.0
KU509261.1,,0.0109345794392523,-1.0
KU509260.1,,0.0300934579439252,-1.0
KU509259.1,,0.011214953271028,-1.0
KU509258.1,,0.0301869158878504,-1.0
KU509257.1,,0.0106542056074766,-1.0
KU509256.1,,0.0113084112149532,-1.0
KU509255.1,,0.0341121495327102,-1.0
KU509254.1,,0.0122429906542056,-1.0
KU509253.1,,0.0071028037383177,-1.0
KU509252.1,,0.0136448598130841,-1.0
KU509251.1,,0.0383177570093457,-1.0
KU509250.1,,0.012429906542056,-1.0
KU509249.1,,0.0110280373831775,-1.0
KT424097.1,,0.0017757009345794,-1.0
KX225493.1,,0.0008411214953271,-1.0
KX225492.1,,0.0008411214953271,-1.0
KX225491.1,,0.0011214953271028,-1.0
KX225490.1,,0.0022429906542056,-1.0
KX225489.1,,0.0020560747663551,-1.0
KX225488.1,,0.0007476635514018,-1.0
KX225487.1,,0.0076635514018691,-1.0
KX225486.1,,0.0064485981308411,-1.0
KX225485.1,,0.0029906542056074,-1.0
KX225484.1,,0.0007476635514018,-1.0
KX225483.1,,0.0045794392523364,-1.0
KX620455.1,,0.001214953271028,-1.0
KX620454.1,,0.024018691588785,-1.0
KX620453.1,,0.0030841121495327,-1.0
KX620452.1,,0.0031775700934579,-1.0
KX620451.1,,0.002803738317757,-1.0
KX702403.1,,0.0022429906542056,-1.0
KX372564.1,,0.0021495327102803,-1.0
KX274130.1,,0.0033644859813084,-1.0
KU523872.1,,0.0043925233644859,-1.0
KU523871.1,,0.0103738317757009,-1.0
HQ541804.1,,0.0407476635514018,-1.0
HQ541803.1,,,
HQ541802.1,,0.044018691588785,-1.0
HQ541800.1,,,
GQ199605.1,,,
FJ913016.1,,,
KU517847.1,,0.0021495327102803,-1.0
KU517845.1,,0.0021495327102803,-1.0
AY858048.2,,0.0006542056074766,-1.0
AY858047.2,,0.0011214953271028,-1.0
AY858046.2,,0.0006542056074766,-1.0
AY858045.2,,0.0006542056074766,-1.0
AY858044.2,,0.0006542056074766,-1.0
AY858043.2,,0.0005607476635514,-1.0
AY858042.2,,0.0006542056074766,-1.0
AY858041.2,,0.0006542056074766,-1.0
AY858040.2,,0.0005607476635514,-1.0
AY858039.2,,0.0006542056074766,-1.0
AY858038.2,,0.0006542056074766,-1.0
AY858037.2,,0.0006542056074766,-1.0
KU948303.1,,0.0006542056074766,-1.0
KP188547.1,,0.0071028037383177,-1.0
KP188545.1,,0.0073831775700934,-1.0
KP188569.1,,0.0261682242990654,-1.0
KP188568.1,,0.0086915887850467,-1.0
KP188567.1,,0.0076635514018691,-1.0
KP188566.1,,0.025607476635514,-1.0
KP188565.1,,0.0322429906542056,-1.0
KP188564.1,,0.0076635514018691,-1.0
KP188563.1,,0.0042990654205607,-1.0
KP188562.1,,0.0047663551401869,-1.0
KP188561.1,,0.0244859813084112,-1.0
KP188560.1,,0.0115887850467289,-1.0
KP188559.1,,0.0306542056074766,-1.0
KP188558.1,,0.0119626168224299,-1.0
KP188557.1,,0.0257009345794392,-1.0
KP188556.1,,0.0162616822429906,-1.0
KP188555.1,,0.004018691588785,-1.0
KP188554.1,,9.345794392523364e-05,-1.0
KP188553.1,,0.0277570093457943,-1.0
KP188552.1,,0.0161682242990654,-1.0
KP188551.1,,0.0090654205607476,-1.0
KP188550.1,,0.0007476635514018,-1.0
KP188549.1,,0.0077570093457943,-1.0
KP188548.1,,0.0049532710280373,-1.0
KP188546.1,,0.0034579439252336,-1.0
KP188544.1,,0.0202803738317757,-1.0
KP188543.1,,0.0202803738317757,-1.0
KP188542.1,,0.0086915887850467,-1.0
KP188541.1,,0.019626168224299,-1.0
KP188540.1,,9.345794392523364e-05,-1.0
KP188539.1,,0.0265420560747663,-1.0
KX458014.1,,0.0032710280373831,-1.0
KX458013.1,,0.0059813084112149,-1.0
KU513442.1,,0.0047663551401869,-1.0
KU513441.1,,0.0046728971962616,-1.0
KP723478.1,,0.0109345794392523,-1.0
KP723476.1,,0.0067289719626168,-1.0
KP723473.1,,0.0065420560747663,-1.0
KP012546.1,,0.0021495327102803,-1.0
KU725666.1,,0.0003738317757009,-1.0
KU725665.1,,0.0003738317757009,-1.0
KU725664.1,,0.0021495327102803,-1.0
KU725663.1,,0.0021495327102803,-1.0
KT726361.1,,0.0034579439252336,-1.0
KT726360.1,,0.0034579439252336,-1.0
KT726359.1,,0.0034579439252336,-1.0
KT726358.1,,0.0034579439252336,-1.0
KT726357.1,,0.0034579439252336,-1.0
KT726356.1,,0.0034579439252336,-1.0
KT726355.1,,0.0034579439252336,-1.0
KT726354.1,,0.0034579439252336,-1.0
KT726353.1,,0.0034579439252336,-1.0
KT726352.1,,0.0034579439252336,-1.0
KT726351.1,,0.0034579439252336,-1.0
KT726350.1,,0.0034579439252336,-1.0
KT726349.1,,0.0034579439252336,-1.0
KT726348.1,,0.0034579439252336,-1.0
KT726347.1,,0.0034579439252336,-1.0
KT726346.1,,0.0034579439252336,-1.0
KT726345.1,,0.0034579439252336,-1.0
KT726344.1,,0.0034579439252336,-1.0
KT726343.1,,0.0034579439252336,-1.0
KT726342.1,,0.0034579439252336,-1.0
KT726341.1,,0.0034579439252336,-1.0
KT726340.1,,0.0034579439252336,-1.0
KT831765.1,,0.002429906542056,-1.0
KT794007.1,,0.0047663551401869,-1.0
KJ755855.1,,0.0025233644859813,-1.0
KR919821.1,,0.0032710280373831,-1.0
KR919820.1,,0.0022429906542056,-1.0
KM403636.1,,0.0013084112149532,-1.0
KM403635.1,,0.0013084112149532,-1.0
KM403634.1,,0.0013084112149532,-1.0
KM403633.1,,0.0013084112149532,-1.0
KM403632.1,,0.0013084112149532,-1.0
KM403631.1,,0.0013084112149532,-1.0
KM403630.1,,0.0013084112149532,-1.0
KM403629.1,,0.0058878504672897,-1.0
KM403628.1,,0.0013084112149532,-1.0
KM403627.1,,0.0013084112149532,-1.0
KM403626.1,,0.0013084112149532,-1.0
KM403625.1,,0.0013084112149532,-1.0
KM403624.1,,0.0013084112149532,-1.0
KM403623.1,,0.0013084112149532,-1.0
KM403622.1,,0.0013084112149532,-1.0
KM403621.1,,0.0035514018691588,-1.0
KM403620.1,,0.0001869158878504,-1.0
KM403619.1,,0.0013084112149532,-1.0
KM403618.1,,0.0013084112149532,-1.0
KM403617.1,,0.0013084112149532,-1.0
KM403616.1,,0.0013084112149532,-1.0
KM403615.1,,0.0013084112149532,-1.0
KM403614.1,,0.0013084112149532,-1.0
KM403613.1,,0.0013084112149532,-1.0
KM403612.1,,0.0013084112149532,-1.0
KM403611.1,,0.0013084112149532,-1.0
KM403610.1,,0.0013084112149532,-1.0
KM403609.1,,0.0013084112149532,-1.0
KM403608.1,,0.0013084112149532,-1.0
KM403607.1,,0.0013084112149532,-1.0
KM403606.1,,0.0013084112149532,-1.0
KM403605.1,,0.0013084112149532,-1.0
KM403604.1,,0.0013084112149532,-1.0
KM403603.1,,0.0013084112149532,-1.0
KM403602.1,,0.0013084112149532,-1.0
KM403601.1,,0.0048598130841121,-1.0
KM403600.1,,9.345794392523364e-05,-1.0
KM403599.1,,0.002803738317757,-1.0
KM403598.1,,0.0050467289719626,-1.0
KM403597.1,,0.0013084112149532,-1.0
KM403596.1,,0.0013084112149532,-1.0
KM403595.1,,0.0013084112149532,-1.0
KM403594.1,,0.0013084112149532,-1.0
KM403593.1,,0.001214953271028,-1.0
KM403592.1,,0.0013084112149532,-1.0
KM403591.1,,0.0013084112149532,-1.0
KM403590.1,,0.0013084112149532,-1.0
KM403589.1,,0.0013084112149532,-1.0
KM403588.1,,0.0013084112149532,-1.0
KM403587.1,,0.0013084112149532,-1.0
KM403586.1,,0.0047663551401869,-1.0
KM403585.1,,0.0028971962616822,-1.0
KM403584.1,,0.0013084112149532,-1.0
KM403583.1,,0.0013084112149532,-1.0
KM403582.1,,0.0013084112149532,-1.0
KM403581.1,,0.0013084112149532,-1.0
KM403580.1,,0.006822429906542,-1.0
KM403579.1,,0.0013084112149532,-1.0
KM403578.1,,0.0013084112149532,-1.0
KM403577.1,,0.0013084112149532,-1.0
KM403576.1,,0.0032710280373831,-1.0
KM403575.1,,0.0013084112149532,-1.0
KU050695.1,,0.0003738317757009,-1.0
KM204119.1,,0.0033644859813084,-1.0
EU359008.1,,0.0032710280373831,-1.0
KU216209.1,,0.002429906542056,-1.0
KU216208.1,,0.0026168224299065,-1.0
KR024708.1,,0.0002803738317757,-1.0
KR024707.1,,0.0002803738317757,-1.0
KR024706.1,,0.0002803738317757,-1.0
KR024705.1,,0.0002803738317757,-1.0
LC069810.1,,0.0071962616822429,-1.0
KP406806.1,,0.0033644859813084,-1.0
KP406805.1,,0.0003738317757009,-1.0
KP406803.1,,0.0031775700934579,-1.0
KP406802.1,,0.0032710280373831,-1.0
KP406801.1,,0.0033644859813084,-1.0
KT187564.1,,0.0032710280373831,-1.0
KT187563.1,,0.0013084112149532,-1.0
KT187562.1,,0.0013084112149532,-1.0
KT187561.1,,0.0013084112149532,-1.0
KT187560.1,,0.0013084112149532,-1.0
KT187559.1,,0.0013084112149532,-1.0
KT187558.1,,0.0021495327102803,-1.0
KT187557.1,,0.0021495327102803,-1.0
KT187556.1,,0.0021495327102803,-1.0
KT187555.1,,0.0021495327102803,-1.0
KT187554.1,,0.0021495327102803,-1.0
KT187553.1,,0.0021495327102803,-1.0
KM217158.1,,0.0041121495327102,-1.0
KM217157.1,,0.0041121495327102,-1.0
KM217156.1,,0.0041121495327102,-1.0
KT276273.1,,0.0047663551401869,-1.0
KR296744.1,,0.0001869158878504,-1.0
KR296743.1,,0.0009345794392523,-1.0
KJ010186.1,,0.0066355140186915,-1.0
KJ010185.1,,0.0066355140186915,-1.0
KF360005.1,,0.0066355140186915,-1.0
KF289073.1,,0.0009345794392523,-1.0
KR028435.1,,0.0026168224299065,-1.0
KP723482.1,,0.0043925233644859,-1.0
KP723479.1,,0.0021495327102803,-1.0
JQ686088.2,,0.0286915887850467,-1.0
KJ701507.1,,0.0041121495327102,-1.0
KP686070.1,,0.002803738317757,-1.0
KC762699.1,,0.0055140186915887,-1.0
KC762698.1,,0.0043925233644859,-1.0
KC762697.1,,0.0043925233644859,-1.0
KC762696.1,,0.0043925233644859,-1.0
KC762695.1,,0.0075700934579439,-1.0
KC762694.1,,0.0059813084112149,-1.0
KC762693.1,,0.0006542056074766,-1.0
KC762692.1,,0.0006542056074766,-1.0
KC762691.1,,0.0006542056074766,-1.0
KC762690.1,,0.0008411214953271,-1.0
KC762689.1,,0.0006542056074766,-1.0
KC762688.1,,0.0006542056074766,-1.0
KC762687.1,,0.0006542056074766,-1.0
KC762686.1,,0.0006542056074766,-1.0
KC762685.1,,0.0006542056074766,-1.0
KC762684.1,,0.0001869158878504,-1.0
KC762683.1,,0.0006542056074766,-1.0
KC762682.1,,0.0006542056074766,-1.0
KC762681.1,,0.0006542056074766,-1.0
KC762654.1,,0.0032710280373831,-1.0
KC762653.1,,0.0032710280373831,-1.0
KC762652.1,,0.0032710280373831,-1.0
KC762651.1,,0.0032710280373831,-1.0
KC762650.1,,0.0032710280373831,-1.0
KC762649.1,,0.0032710280373831,-1.0
KC762648.1,,0.0032710280373831,-1.0
KC762647.1,,0.0032710280373831,-1.0
KC762646.1,,0.0032710280373831,-1.0
KC762645.1,,0.0032710280373831,-1.0
KC762644.1,,0.0032710280373831,-1.0
KC762643.1,,0.0032710280373831,-1.0
KC762642.1,,0.0032710280373831,-1.0
KC762641.1,,0.0032710280373831,-1.0
KC762640.1,,0.0032710280373831,-1.0
KC762639.1,,0.0032710280373831,-1.0
KC762638.1,,0.0032710280373831,-1.0
KC762637.1,,0.0032710280373831,-1.0
KC762636.1,,0.0032710280373831,-1.0
KC762635.1,,0.0032710280373831,-1.0
KC762634.1,,0.0032710280373831,-1.0
KC762633.1,,0.0032710280373831,-1.0
KC762632.1,,0.0032710280373831,-1.0
KC762631.1,,0.0032710280373831,-1.0
KC762630.1,,0.0032710280373831,-1.0
KC762629.1,,0.0032710280373831,-1.0
KC762628.1,,0.0032710280373831,-1.0
KC762627.1,,0.0032710280373831,-1.0
KC762626.1,,0.0032710280373831,-1.0
KC762625.1,,0.0032710280373831,-1.0
KC762624.1,,0.0032710280373831,-1.0
KC762623.1,,0.0032710280373831,-1.0
KC762622.1,,0.0032710280373831,-1.0
KC762621.1,,0.0032710280373831,-1.0
KC762620.1,,0.0032710280373831,-1.0
KR779782.1,,0.0021495327102803,-1.0
KM190937.1,,0.0404672897196261,-1.0
KM190936.1,,0.0100934579439252,-1.0
KR071622.1,,0.0014018691588785,-1.0
KF479233.1,,0.0021495327102803,-1.0
AB479042.1,,0.0049532710280373,-1.0
AB479041.1,,0.0049532710280373,-1.0
KP772252.1,,0.0032710280373831,-1.0
KJ737430.1,,0.0006542056074766,-1.0
KJ737429.1,,0.0006542056074766,-1.0
KP398852.1,,0.0032710280373831,-1.0
KM279610.1,,0.0489719626168224,-1.0
KM279609.1,,0.0489719626168224,-1.0
KM279608.1,,0.0489719626168224,-1.0
KM279607.1,,0.0489719626168224,-1.0
KM279606.1,,0.0489719626168224,-1.0
KM279605.1,,0.0489719626168224,-1.0
KM279604.1,,0.0489719626168224,-1.0
KM279603.1,,0.0489719626168224,-1.0
KM279602.1,,0.0489719626168224,-1.0
KM279601.1,,0.0021495327102803,-1.0
KM279600.1,,0.0021495327102803,-1.0
KM279599.1,,0.0021495327102803,-1.0
KM279598.1,,0.0021495327102803,-1.0
KM279597.1,,0.0021495327102803,-1.0
KM279596.1,,0.0016822429906542,-1.0
KM279595.1,,0.0021495327102803,-1.0
KM279594.1,,0.0021495327102803,-1.0
KM279593.1,,0.0021495327102803,-1.0
KM279592.1,,0.0021495327102803,-1.0
KM279591.1,,0.0021495327102803,-1.0
KM279590.1,,0.0021495327102803,-1.0
KM279589.1,,0.0023364485981308,-1.0
KM279588.1,,0.0021495327102803,-1.0
KM279587.1,,0.0021495327102803,-1.0
KM279586.1,,0.0021495327102803,-1.0
KM279585.1,,0.0399065420560747,-1.0
KM279584.1,,0.0061682242990654,-1.0
KM279583.1,,0.0004672897196261,-1.0
KM279582.1,,0.0021495327102803,-1.0
KM279581.1,,0.0021495327102803,-1.0
KM279580.1,,0.0353271028037383,-1.0
KM279579.1,,0.0021495327102803,-1.0
KM279578.1,,0.0021495327102803,-1.0
KM279577.1,,0.0021495327102803,-1.0
KM279576.1,,0.0021495327102803,-1.0
KM279575.1,,0.0021495327102803,-1.0
KM279574.1,,0.0353271028037383,-1.0
KM279573.1,,0.0021495327102803,-1.0
KM279572.1,,0.0021495327102803,-1.0
KM279571.1,,0.0021495327102803,-1.0
KM279570.1,,0.0021495327102803,-1.0
KM279569.1,,0.0021495327102803,-1.0
KM279568.1,,0.0021495327102803,-1.0
KM279567.1,,0.0021495327102803,-1.0
KM279566.1,,0.0021495327102803,-1.0
KM279565.1,,0.0021495327102803,-1.0
KM279564.1,,0.0021495327102803,-1.0
KM279563.1,,0.0021495327102803,-1.0
KM279562.1,,0.0021495327102803,-1.0
KM279561.1,,0.0021495327102803,-1.0
KM279560.1,,0.0021495327102803,-1.0
KM279559.1,,0.0021495327102803,-1.0
KM279558.1,,0.0021495327102803,-1.0
KM279557.1,,0.0022429906542056,-1.0
KM279556.1,,0.0021495327102803,-1.0
KM279555.1,,0.0021495327102803,-1.0
KM279554.1,,0.0021495327102803,-1.0
KM279553.1,,0.0021495327102803,-1.0
KM279552.1,,0.0021495327102803,-1.0
KM279551.1,,0.0021495327102803,-1.0
KM279550.1,,0.0021495327102803,-1.0
KM279549.1,,0.0021495327102803,-1.0
KM279548.1,,0.0021495327102803,-1.0
KM279547.1,,0.002803738317757,-1.0
KM279546.1,,0.0021495327102803,-1.0
KM279545.1,,0.0021495327102803,-1.0
KM279544.1,,0.0021495327102803,-1.0
KM279543.1,,0.0021495327102803,-1.0
KM279542.1,,0.0021495327102803,-1.0
KM279541.1,,0.0021495327102803,-1.0
KM279540.1,,0.0021495327102803,-1.0
KM279539.1,,0.0021495327102803,-1.0
KM279538.1,,0.0021495327102803,-1.0
KM279537.1,,0.0021495327102803,-1.0
KM279536.1,,0.0021495327102803,-1.0
KM279535.1,,0.0021495327102803,-1.0
KM279534.1,,0.0021495327102803,-1.0
KM279533.1,,0.0021495327102803,-1.0
KM279532.1,,0.0021495327102803,-1.0
KM279531.1,,0.0004672897196261,-1.0
KM279530.1,,0.0021495327102803,-1.0
KM279529.1,,0.0,-1.0
KM279528.1,,0.0021495327102803,-1.0
KM279527.1,,0.001214953271028,-1.0
KM279526.1,,0.0021495327102803,-1.0
KM279525.1,,0.0021495327102803,-1.0
KM279524.1,,0.0021495327102803,-1.0
KM279523.1,,0.0021495327102803,-1.0
KM279522.1,,0.0021495327102803,-1.0
KM279521.1,,0.0021495327102803,-1.0
KM279520.1,,0.0021495327102803,-1.0
KM279519.1,,0.0021495327102803,-1.0
KM279518.1,,0.0021495327102803,-1.0
KM279517.1,,0.0021495327102803,-1.0
KM279516.1,,0.002803738317757,-1.0
KM279515.1,,0.0021495327102803,-1.0
KM279514.1,,0.0019626168224299,-1.0
KM279513.1,,0.0034579439252336,-1.0
KM587709.1,,0.001214953271028,-1.0
KJ649286.1,,0.0072897196261682,-1.0
