sample_id,length_diff,mutation_density
PX480447.1,-51,0.004766355140186916
PX480446.1,-51,0.004766355140186916
PX480445.1,-51,0.004766355140186916
PX480444.1,-51,0.004766355140186916
PX480443.1,-51,0.004766355140186916
PX480442.1,-51,0.004766355140186916
PX480441.1,-51,0.004766355140186916
PX480440.1,-51,0.004766355140186916
PX480439.1,-51,0.004766355140186916
PX480438.1,-51,0.004766355140186916
PX480437.1,-51,0.004766355140186916
PX480436.1,7,0.0006542056074766356
PX480435.1,7,0.0006542056074766356
PX480434.1,7,0.0006542056074766356
PX480433.1,7,0.0006542056074766356
PX480432.1,7,0.0006542056074766356
PX480431.1,7,0.0006542056074766356
PX480430.1,7,0.0006542056074766356
PX480429.1,7,0.0006542056074766356
PX480428.1,7,0.0006542056074766356
PX480427.1,7,0.0006542056074766356
PX480426.1,7,0.0006542056074766356
PX480425.1,7,0.0006542056074766356
PX480424.1,7,0.0006542056074766356
PX480423.1,7,0.0006542056074766356
PX480422.1,7,0.0006542056074766356
PX480421.1,7,0.0006542056074766356
PX480420.1,7,0.0006542056074766356
PX480419.1,7,0.0006542056074766356
PX480418.1,7,0.0006542056074766356
PX480417.1,7,0.0006542056074766356
PX480416.1,7,0.0006542056074766356
PX480415.1,7,0.0006542056074766356
PX480414.1,7,0.0006542056074766356
PX480413.1,7,0.0006542056074766356
PX480412.1,7,0.0006542056074766356
PX480411.1,7,0.0006542056074766356
PX480410.1,7,0.0006542056074766356
PX480409.1,7,0.0006542056074766356
PX480408.1,7,0.0006542056074766356
PX480407.1,7,0.0006542056074766356
PX480406.1,7,0.0006542056074766356
PX480405.1,7,0.0006542056074766356
PX480404.1,7,0.0006542056074766356
PX480403.1,7,0.0006542056074766356
PX480402.1,7,0.0006542056074766356
PX480401.1,7,0.0006542056074766356
PX480400.1,7,0.0006542056074766356
PX480399.1,7,0.0006542056074766356
PX480398.1,7,0.0006542056074766356
PX480397.1,7,0.0006542056074766356
PX480396.1,7,0.0006542056074766356
PX480395.1,7,0.0006542056074766356
PX480394.1,7,0.0006542056074766356
PX480393.1,7,0.0006542056074766356
PX480392.1,7,0.0006542056074766356
PX480391.1,7,0.0006542056074766356
PX480390.1,7,0.0006542056074766356
PX480389.1,7,0.0006542056074766356
PX480388.1,7,0.0006542056074766356
PX480387.1,7,0.0006542056074766356
PX480386.1,7,0.0006542056074766356
PX480385.1,7,0.0006542056074766356
PX480384.1,7,0.0006542056074766356
PX480383.1,7,0.0006542056074766356
PX480382.1,7,0.0006542056074766356
PX480381.1,7,0.0006542056074766356
PX480380.1,7,0.0006542056074766356
PX480379.1,7,0.0006542056074766356
PX480378.1,7,0.0006542056074766356
PX480377.1,7,0.0006542056074766356
PX480376.1,7,0.0006542056074766356
PX480375.1,7,0.0006542056074766356
PX480374.1,7,0.0006542056074766356
PX480373.1,7,0.0006542056074766356
PX480372.1,7,0.0006542056074766356
PX480371.1,7,0.0006542056074766356
PX480370.1,7,0.0006542056074766356
PX480369.1,7,0.0006542056074766356
PX480368.1,7,0.0006542056074766356
PX480367.1,7,0.0006542056074766356
PX480366.1,7,0.0006542056074766356
PX480365.1,7,0.0006542056074766356
PX480364.1,7,0.0006542056074766356
PX480363.1,7,0.0006542056074766356
PX480362.1,7,0.0006542056074766356
PX480361.1,7,0.0006542056074766356
PX480360.1,7,0.0006542056074766356
PX480359.1,7,0.0006542056074766356
PX480358.1,7,0.0006542056074766356
PX480357.1,7,0.0006542056074766356
PX480356.1,7,0.0006542056074766356
PX480355.1,7,0.0006542056074766356
PX480354.1,7,0.0006542056074766356
PX480353.1,7,0.0006542056074766356
PX480352.1,7,0.0006542056074766356
PX480351.1,7,0.0006542056074766356
PX480350.1,7,0.0006542056074766356
PX480349.1,7,0.0006542056074766356
PX480348.1,7,0.0006542056074766356
PX480347.1,7,0.0006542056074766356
PX480346.1,7,0.0006542056074766356
PX480345.1,7,0.0006542056074766356
PX480344.1,7,0.0006542056074766356
PX480343.1,7,0.0006542056074766356
PX480342.1,7,0.0006542056074766356
PX480341.1,7,0.0006542056074766356
PX480340.1,7,0.0006542056074766356
PX480339.1,7,0.0006542056074766356
PX480338.1,7,0.0006542056074766356
PX480337.1,7,0.0006542056074766356
PX480336.1,7,0.0006542056074766356
PX480335.1,7,0.0006542056074766356
PX480334.1,7,0.0006542056074766356
PX480333.1,7,0.0006542056074766356
PX480332.1,7,0.0006542056074766356
PX480331.1,23,0.002149532710280374
PX480330.1,23,0.002149532710280374
PX480329.1,23,0.002149532710280374
PX480328.1,23,0.002149532710280374
PX480327.1,23,0.002149532710280374
PX480326.1,23,0.002149532710280374
PX480325.1,23,0.002149532710280374
PX480324.1,23,0.002149532710280374
PX480323.1,23,0.002149532710280374
PX480322.1,23,0.002149532710280374
PX480321.1,23,0.002149532710280374
PX480320.1,23,0.002149532710280374
PX480319.1,23,0.002149532710280374
PX480318.1,23,0.002149532710280374
PX480317.1,23,0.002149532710280374
PX480316.1,23,0.002149532710280374
PX480315.1,23,0.002149532710280374
PX480314.1,23,0.002149532710280374
PX480313.1,23,0.002149532710280374
PX480312.1,23,0.002149532710280374
PX480311.1,23,0.002149532710280374
PX480310.1,23,0.002149532710280374
PX480309.1,23,0.002149532710280374
PX480308.1,23,0.002149532710280374
PX480307.1,23,0.002149532710280374
PX480306.1,23,0.002149532710280374
PX480305.1,23,0.002149532710280374
PX480304.1,23,0.002149532710280374
PX480303.1,23,0.002149532710280374
PX480302.1,23,0.002149532710280374
PX480301.1,23,0.002149532710280374
PX480300.1,35,0.0032710280373831778
PX480299.1,35,0.0032710280373831778
PX480298.1,35,0.0032710280373831778
PX480297.1,35,0.0032710280373831778
PX480296.1,35,0.0032710280373831778
PX480295.1,35,0.0032710280373831778
PX480294.1,35,0.0032710280373831778
PX480293.1,35,0.0032710280373831778
PX480292.1,35,0.0032710280373831778
PX480291.1,35,0.0032710280373831778
PX480290.1,35,0.0032710280373831778
PX480289.1,35,0.0032710280373831778
PX480288.1,35,0.0032710280373831778
PX480287.1,35,0.0032710280373831778
PX480286.1,35,0.0032710280373831778
PX480285.1,35,0.0032710280373831778
PX480284.1,35,0.0032710280373831778
PX480283.1,35,0.0032710280373831778
PX480282.1,35,0.0032710280373831778
PX480281.1,35,0.0032710280373831778
PX480280.1,35,0.0032710280373831778
PX480279.1,35,0.0032710280373831778
PX480278.1,35,0.0032710280373831778
PX480277.1,35,0.0032710280373831778
PX480276.1,35,0.0032710280373831778
PX480275.1,35,0.0032710280373831778
PX480274.1,35,0.0032710280373831778
PX480273.1,35,0.0032710280373831778
PX480272.1,35,0.0032710280373831778
PX480271.1,35,0.0032710280373831778
PX480270.1,35,0.0032710280373831778
PX480269.1,35,0.0032710280373831778
PX480268.1,35,0.0032710280373831778
PX480267.1,35,0.0032710280373831778
PX480266.1,35,0.0032710280373831778
PX480265.1,35,0.0032710280373831778
PX480264.1,35,0.0032710280373831778
PX480263.1,35,0.0032710280373831778
PX480262.1,35,0.0032710280373831778
PX480261.1,35,0.0032710280373831778
PX480260.1,35,0.0032710280373831778
PX480259.1,35,0.0032710280373831778
PX480258.1,35,0.0032710280373831778
PX480257.1,35,0.0032710280373831778
PX480256.1,35,0.0032710280373831778
PX480255.1,35,0.0032710280373831778
PX480254.1,35,0.0032710280373831778
PX480253.1,35,0.0032710280373831778
PX480252.1,35,0.0032710280373831778
PX480251.1,35,0.0032710280373831778
PX480250.1,35,0.0032710280373831778
PX480249.1,35,0.0032710280373831778
PX480248.1,35,0.0032710280373831778
PX480247.1,35,0.0032710280373831778
PX480246.1,35,0.0032710280373831778
PX480245.1,35,0.0032710280373831778
PX492105.1,23,0.002149532710280374
PX468539.1,23,0.002149532710280374
PX468538.1,23,0.002149532710280374
PX468537.1,23,0.002149532710280374
PX461619.1,27,0.0025233644859813083
PX461615.1,37,0.0034579439252336447
PX368925.1,-47,0.004392523364485981
PX297389.1,7,0.0006542056074766356
PX297388.1,-51,0.004766355140186916
PX297385.1,9,0.0008411214953271028
PX297368.1,36,0.0033644859813084112
PX297367.1,35,0.0032710280373831778
PX297365.1,34,0.003177570093457944
PX297362.1,34,0.003177570093457944
PX297359.1,35,0.0032710280373831778
PX282481.1,7,0.0006542056074766356
PX282480.1,7,0.0006542056074766356
PX282478.1,-5,0.00046728971962616824
PX282477.1,6,0.0005607476635514019
PX282469.1,35,0.0032710280373831778
PX282467.1,35,0.0032710280373831778
PX282464.1,35,0.0032710280373831778
PX282457.1,35,0.0032710280373831778
PX125311.1,7,0.0006542056074766356
PV918782.1,7,0.0006542056074766356
PV918781.1,7,0.0006542056074766356
PV918780.1,7,0.0006542056074766356
PV918779.1,7,0.0006542056074766356
PV918778.1,7,0.0006542056074766356
PV918777.1,7,0.0006542056074766356
PV918776.1,7,0.0006542056074766356
PV918775.1,7,0.0006542056074766356
PV918774.1,7,0.0006542056074766356
PV918773.1,7,0.0006542056074766356
PV918772.1,7,0.0006542056074766356
PV918771.1,7,0.0006542056074766356
PV918770.1,7,0.0006542056074766356
PV918769.1,7,0.0006542056074766356
PV918768.1,7,0.0006542056074766356
PV752130.1,23,0.002149532710280374
PV752129.1,23,0.002149532710280374
PV752128.1,23,0.002149532710280374
PV752127.1,23,0.002149532710280374
PV752126.1,23,0.002149532710280374
PV752125.1,23,0.002149532710280374
PV752124.1,23,0.002149532710280374
PV752123.1,23,0.002149532710280374
PV752122.1,23,0.002149532710280374
PV752121.1,23,0.002149532710280374
PV752120.1,23,0.002149532710280374
PV752119.1,23,0.002149532710280374
PV752118.1,23,0.002149532710280374
PV752117.1,23,0.002149532710280374
PV752116.1,23,0.002149532710280374
PV752115.1,23,0.002149532710280374
PV752114.1,23,0.002149532710280374
PV752113.1,23,0.002149532710280374
PV752112.1,23,0.002149532710280374
PV752111.1,23,0.002149532710280374
PV752110.1,23,0.002149532710280374
PV752109.1,23,0.002149532710280374
PV752108.1,23,0.002149532710280374
PV752107.1,23,0.002149532710280374
PV752106.1,23,0.002149532710280374
PV752105.1,23,0.002149532710280374
PV752104.1,23,0.002149532710280374
PV752103.1,23,0.002149532710280374
PV752102.1,23,0.002149532710280374
PV752101.1,23,0.002149532710280374
PV752100.1,23,0.002149532710280374
PV752099.1,23,0.002149532710280374
PV752098.1,23,0.002149532710280374
PV752097.1,23,0.002149532710280374
PV752096.1,23,0.002149532710280374
PV752095.1,23,0.002149532710280374
PV752094.1,23,0.002149532710280374
PV752093.1,23,0.002149532710280374
PV752092.1,23,0.002149532710280374
PV752091.1,23,0.002149532710280374
PV752090.1,23,0.002149532710280374
PV752089.1,23,0.002149532710280374
PV752088.1,23,0.002149532710280374
PV752087.1,23,0.002149532710280374
PV752086.1,23,0.002149532710280374
PV752085.1,23,0.002149532710280374
PV752084.1,23,0.002149532710280374
PV752083.1,23,0.002149532710280374
PV798798.1,35,0.0032710280373831778
PV791001.1,25,0.002336448598130841
PV791000.1,25,0.002336448598130841
PV790969.1,25,0.002336448598130841
PV790966.1,25,0.002336448598130841
PV789662.1,25,0.002336448598130841
PV789655.1,25,0.002336448598130841
PV789653.1,34,0.003177570093457944
PV789651.1,-38,0.0035514018691588786
PV474419.1,7,0.0006542056074766356
PV474418.1,7,0.0006542056074766356
PV474417.1,7,0.0006542056074766356
PV474414.1,7,0.0006542056074766356
PV474413.1,7,0.0006542056074766356
PV344375.1,-48,0.004485981308411215
PV344355.1,-49,0.004579439252336449
PV344354.1,-49,0.004579439252336449
PV344274.1,35,0.0032710280373831778
PV344273.1,35,0.0032710280373831778
PV344271.1,36,0.0033644859813084112
PV344268.1,35,0.0032710280373831778
PV344266.1,36,0.0033644859813084112
PV344263.1,36,0.0033644859813084112
PV344260.1,36,0.0033644859813084112
PV344259.1,36,0.0033644859813084112
PV344258.1,36,0.0033644859813084112
PP128486.1,-51,0.004766355140186916
PV138436.1,-50,0.004672897196261682
PV138435.1,-50,0.004672897196261682
PV088277.1,5,0.00046728971962616824
PV088276.1,25,0.002336448598130841
PV083773.1,25,0.002336448598130841
PV083756.1,25,0.002336448598130841
PV083749.1,25,0.002336448598130841
PV083748.1,25,0.002336448598130841
PV018436.1,23,0.002149532710280374
OZ060069.1,16,0.0014953271028037382
OZ060068.1,14,0.001308411214953271
OZ060067.1,14,0.001308411214953271
OZ060066.1,16,0.0014953271028037382
OZ060065.1,14,0.001308411214953271
OZ060064.1,16,0.0014953271028037382
OZ060063.1,14,0.001308411214953271
OZ060062.1,16,0.0014953271028037382
OZ060061.1,16,0.0014953271028037382
OZ060060.1,14,0.001308411214953271
OZ060059.1,16,0.0014953271028037382
OZ060058.1,14,0.001308411214953271
OZ060057.1,16,0.0014953271028037382
OZ060056.1,16,0.0014953271028037382
OZ060055.1,14,0.001308411214953271
OZ060054.1,14,0.001308411214953271
OZ060053.1,14,0.001308411214953271
OZ060052.1,16,0.0014953271028037382
OZ060051.1,14,0.001308411214953271
OZ060050.1,16,0.0014953271028037382
OZ060049.1,16,0.0014953271028037382
OZ060048.1,14,0.001308411214953271
OZ060047.1,14,0.001308411214953271
OZ060046.1,12,0.0011214953271028037
OZ060045.1,14,0.001308411214953271
OZ060044.1,14,0.001308411214953271
OZ060043.1,14,0.001308411214953271
OZ060042.1,16,0.0014953271028037382
OZ060041.1,16,0.0014953271028037382
OZ060040.1,14,0.001308411214953271
OZ060039.1,14,0.001308411214953271
OZ060038.1,16,0.0014953271028037382
OZ060037.1,14,0.001308411214953271
OZ060036.1,15,0.0014018691588785046
OZ060035.1,14,0.001308411214953271
OZ060034.1,16,0.0014953271028037382
OZ060033.1,16,0.0014953271028037382
OZ060032.1,16,0.0014953271028037382
OZ060031.1,16,0.0014953271028037382
OZ060030.1,14,0.001308411214953271
OZ060029.1,14,0.001308411214953271
OZ060028.1,16,0.0014953271028037382
OZ060027.1,14,0.001308411214953271
OZ060026.1,14,0.001308411214953271
OZ060025.1,16,0.0014953271028037382
OZ060024.1,14,0.001308411214953271
OZ060023.1,16,0.0014953271028037382
OZ060022.1,14,0.001308411214953271
OZ060021.1,14,0.001308411214953271
OZ060020.1,16,0.0014953271028037382
OZ060019.1,14,0.001308411214953271
OZ060018.1,14,0.001308411214953271
OZ060017.1,16,0.0014953271028037382
OZ060016.1,14,0.001308411214953271
OZ060015.1,14,0.001308411214953271
OZ060014.1,14,0.001308411214953271
OZ060013.1,14,0.001308411214953271
OZ060012.1,16,0.0014953271028037382
OZ060011.1,14,0.001308411214953271
OZ060010.1,14,0.001308411214953271
OZ060009.1,14,0.001308411214953271
OZ060008.1,14,0.001308411214953271
OZ060007.1,14,0.001308411214953271
OZ060006.1,14,0.001308411214953271
OZ060005.1,15,0.0014018691588785046
OZ060004.1,14,0.001308411214953271
OZ060003.1,14,0.001308411214953271
OZ060002.1,14,0.001308411214953271
OZ060001.1,16,0.0014953271028037382
OZ060000.1,14,0.001308411214953271
OZ059999.1,14,0.001308411214953271
OZ059998.1,14,0.001308411214953271
OZ059997.1,14,0.001308411214953271
OZ059996.1,16,0.0014953271028037382
OZ059995.1,16,0.0014953271028037382
OZ059994.1,14,0.001308411214953271
OZ059993.1,16,0.0014953271028037382
OZ059992.1,16,0.0014953271028037382
OZ059991.1,14,0.001308411214953271
OZ059990.1,16,0.0014953271028037382
OZ059989.1,-1067,0.0997196261682243
OZ059988.1,14,0.001308411214953271
OZ059987.1,16,0.0014953271028037382
OZ059986.1,14,0.001308411214953271
OZ059985.1,16,0.0014953271028037382
OZ059984.1,14,0.001308411214953271
OZ059983.1,14,0.001308411214953271
OZ059982.1,16,0.0014953271028037382
OZ059981.1,14,0.001308411214953271
OZ059980.1,14,0.001308411214953271
OZ059979.1,14,0.001308411214953271
OZ059978.1,14,0.001308411214953271
OZ059977.1,15,0.0014018691588785046
OZ059976.1,16,0.0014953271028037382
OZ059975.1,14,0.001308411214953271
OZ059974.1,13,0.0012149532710280374
OZ059973.1,14,0.001308411214953271
OZ059972.1,15,0.0014018691588785046
OZ059971.1,14,0.001308411214953271
OZ059970.1,14,0.001308411214953271
OZ059969.1,14,0.001308411214953271
OZ059968.1,14,0.001308411214953271
OZ059967.1,14,0.001308411214953271
OZ059966.1,14,0.001308411214953271
OZ059965.1,14,0.001308411214953271
OZ059964.1,14,0.001308411214953271
OZ059963.1,15,0.0014018691588785046
OZ059962.1,14,0.001308411214953271
OZ059961.1,16,0.0014953271028037382
OZ059960.1,16,0.0014953271028037382
OZ059959.1,16,0.0014953271028037382
OZ059958.1,14,0.001308411214953271
OZ059957.1,14,0.001308411214953271
OZ059956.1,14,0.001308411214953271
OZ059955.1,16,0.0014953271028037382
OZ059954.1,16,0.0014953271028037382
OZ059953.1,16,0.0014953271028037382
OZ059952.1,14,0.001308411214953271
OZ059951.1,14,0.001308411214953271
OZ059950.1,14,0.001308411214953271
OZ059949.1,14,0.001308411214953271
OZ059948.1,14,0.001308411214953271
OZ059947.1,14,0.001308411214953271
OZ059946.1,14,0.001308411214953271
OZ059945.1,16,0.0014953271028037382
OZ059944.1,14,0.001308411214953271
OZ059943.1,14,0.001308411214953271
OZ059942.1,16,0.0014953271028037382
OZ059941.1,14,0.001308411214953271
OZ059940.1,14,0.001308411214953271
OZ059939.1,16,0.0014953271028037382
OZ059938.1,16,0.0014953271028037382
OZ059937.1,14,0.001308411214953271
OZ059936.1,16,0.0014953271028037382
OZ059935.1,16,0.0014953271028037382
OZ059934.1,16,0.0014953271028037382
OZ059933.1,16,0.0014953271028037382
OZ059932.1,14,0.001308411214953271
OZ059931.1,14,0.001308411214953271
OZ059930.1,16,0.0014953271028037382
OZ059929.1,13,0.0012149532710280374
OZ059928.1,14,0.001308411214953271
OZ059927.1,14,0.001308411214953271
OZ059926.1,16,0.0014953271028037382
OZ059925.1,16,0.0014953271028037382
OZ059924.1,15,0.0014018691588785046
LC793497.1,7,0.0006542056074766356
LC793496.1,7,0.0006542056074766356
LC793495.1,35,0.0032710280373831778
LC793494.1,35,0.0032710280373831778
PQ667806.1,-50,0.004672897196261682
PQ667805.1,7,0.0006542056074766356
PQ667804.1,23,0.002149532710280374
PQ657766.1,23,0.002149532710280374
PP582683.1,8,0.0007476635514018691
PP582680.1,8,0.0007476635514018691
PP582679.1,8,0.0007476635514018691
PP582678.1,8,0.0007476635514018691
PP582677.1,8,0.0007476635514018691
PP582676.1,8,0.0007476635514018691
PP582675.1,8,0.0007476635514018691
PP582674.1,8,0.0007476635514018691
PP582670.1,8,0.0007476635514018691
PP582669.1,8,0.0007476635514018691
PP582668.1,8,0.0007476635514018691
PP582667.1,8,0.0007476635514018691
PP582666.1,8,0.0007476635514018691
PP582665.1,8,0.0007476635514018691
PP582664.1,8,0.0007476635514018691
PP582662.1,8,0.0007476635514018691
PP582661.1,8,0.0007476635514018691
PP582660.1,8,0.0007476635514018691
PP582659.1,8,0.0007476635514018691
PP582658.1,8,0.0007476635514018691
PP582657.1,8,0.0007476635514018691
PP582655.1,8,0.0007476635514018691
PP582654.1,8,0.0007476635514018691
PP582652.1,8,0.0007476635514018691
PP582642.1,8,0.0007476635514018691
PP582641.1,8,0.0007476635514018691
PP582639.1,8,0.0007476635514018691
PP582638.1,8,0.0007476635514018691
PP582637.1,8,0.0007476635514018691
PP582635.1,8,0.0007476635514018691
PP582632.1,8,0.0007476635514018691
PP582627.1,8,0.0007476635514018691
PP582623.1,8,0.0007476635514018691
PP582622.1,8,0.0007476635514018691
OR690442.1,-48,0.004485981308411215
PQ555702.1,-51,0.004766355140186916
PQ465587.1,23,0.002149532710280374
PP586203.1,-49,0.004579439252336449
PP586198.1,0,0.0
PQ357572.1,-45,0.004205607476635514
PQ357570.1,-44,0.00411214953271028
PQ357542.1,35,0.0032710280373831778
PQ357540.1,35,0.0032710280373831778
PQ357538.1,35,0.0032710280373831778
PQ357537.1,35,0.0032710280373831778
PQ357536.1,35,0.0032710280373831778
PQ357520.1,23,0.002149532710280374
PQ357519.1,23,0.002149532710280374
PQ357512.1,7,0.0006542056074766356
PQ357511.1,0,0.0
PQ357326.1,-48,0.004485981308411215
PQ203301.1,0,0.0
PQ203300.1,7,0.0006542056074766356
PQ203299.1,0,0.0
PP968117.1,7,0.0006542056074766356
PP902582.1,8,0.0007476635514018691
PP902578.1,8,0.0007476635514018691
PP902572.1,8,0.0007476635514018691
OR053670.1,7,0.0006542056074766356
PP711274.1,7,0.0006542056074766356
PP564823.1,12,0.0011214953271028037
PP563875.1,34,0.003177570093457944
PP563826.1,34,0.003177570093457944
PP563771.1,7,0.0006542056074766356
PP546320.1,23,0.002149532710280374
PP540290.1,34,0.003177570093457944
PP326824.1,23,0.002149532710280374
PP326823.1,23,0.002149532710280374
PP326822.1,23,0.002149532710280374
PP326821.1,22,0.00205607476635514
PP326820.1,23,0.002149532710280374
PP326813.1,23,0.002149532710280374
ON127552.1,7,0.0006542056074766356
ON127550.1,7,0.0006542056074766356
ON127537.1,7,0.0006542056074766356
ON127533.1,7,0.0006542056074766356
ON127418.1,7,0.0006542056074766356
ON116129.1,7,0.0006542056074766356
ON115818.1,7,0.0006542056074766356
ON115816.1,7,0.0006542056074766356
ON115814.1,7,0.0006542056074766356
ON115811.1,7,0.0006542056074766356
ON115182.1,7,0.0006542056074766356
ON115029.1,7,0.0006542056074766356
ON115025.1,7,0.0006542056074766356
ON115023.1,7,0.0006542056074766356
ON115021.1,7,0.0006542056074766356
ON111445.1,7,0.0006542056074766356
ON103390.1,7,0.0006542056074766356
ON103302.1,7,0.0006542056074766356
OR821726.1,8,0.0007476635514018691
OR821725.1,23,0.002149532710280374
OR821724.1,23,0.002149532710280374
OQ726075.1,23,0.002149532710280374
OQ726073.1,23,0.002149532710280374
OQ726070.1,23,0.002149532710280374
OQ725734.1,23,0.002149532710280374
OQ725730.1,23,0.002149532710280374
OP909734.1,23,0.002149532710280374
OR418423.1,0,0.0
OR418422.1,34,0.003177570093457944
OQ948474.1,7,0.0006542056074766356
OR125606.1,23,0.002149532710280374
OQ782228.1,24,0.0022429906542056075
OQ782227.1,24,0.0022429906542056075
OQ782223.1,24,0.0022429906542056075
OQ782222.1,24,0.0022429906542056075
OQ782220.1,24,0.0022429906542056075
OQ782219.1,24,0.0022429906542056075
OQ782217.1,24,0.0022429906542056075
OQ782203.1,24,0.0022429906542056075
OQ603306.1,8,0.0007476635514018691
OQ603290.1,25,0.002336448598130841
OQ603288.1,25,0.002336448598130841
OQ603281.1,25,0.002336448598130841
OQ603279.1,25,0.002336448598130841
OQ603277.1,24,0.0022429906542056075
OQ603271.1,23,0.002149532710280374
OQ603269.1,23,0.002149532710280374
OM257419.1,13,0.0012149532710280374
OM256481.1,23,0.002149532710280374
OM250394.1,35,0.0032710280373831778
OQ652965.1,10,0.0009345794392523365
OQ652964.1,23,0.002149532710280374
MG721063.2,36,0.0033644859813084112
MG721062.2,-231,0.02158878504672897
MG721061.2,-95,0.008878504672897197
MG721060.2,-85,0.00794392523364486
MG721059.2,-168,0.015700934579439253
MG721058.2,-63,0.00588785046728972
MG721057.2,-177,0.016542056074766356
MG721056.2,-69,0.006448598130841122
MG721054.2,23,0.002149532710280374
MG592698.2,-125,0.011682242990654205
MH822944.2,23,0.002149532710280374
MH822943.2,-120,0.011214953271028037
MH822942.2,-33,0.0030841121495327104
MH822941.2,-99,0.00925233644859813
MH822940.2,-80,0.007476635514018692
MH822939.2,-72,0.0067289719626168224
MH822949.2,23,0.002149532710280374
MH822948.2,21,0.0019626168224299067
MH822947.2,9,0.0008411214953271028
MH822946.2,-66,0.006168224299065421
MH822945.2,-111,0.010373831775700934
MH822954.2,-69,0.006448598130841122
MH822953.2,-112,0.010467289719626169
MH822952.2,-58,0.005420560747663551
MH822951.2,9,0.0008411214953271028
MH822950.2,-120,0.011214953271028037
MH822959.2,14,0.001308411214953271
MH822958.2,-81,0.007570093457943925
MH822957.2,-81,0.007570093457943925
MH822956.2,23,0.002149532710280374
MH822955.2,23,0.002149532710280374
OM281599.1,36,0.0033644859813084112
OM281598.1,35,0.0032710280373831778
OM281597.1,36,0.0033644859813084112
OM281596.1,35,0.0032710280373831778
OM281595.1,35,0.0032710280373831778
OM281594.1,35,0.0032710280373831778
OM281593.1,35,0.0032710280373831778
OM281592.1,35,0.0032710280373831778
OM281591.1,35,0.0032710280373831778
OM281590.1,35,0.0032710280373831778
OM281589.1,35,0.0032710280373831778
OM281588.1,35,0.0032710280373831778
OM281587.1,35,0.0032710280373831778
OM281586.1,35,0.0032710280373831778
OM281585.1,35,0.0032710280373831778
OM281584.1,35,0.0032710280373831778
OM281583.1,35,0.0032710280373831778
OM281582.1,35,0.0032710280373831778
OM281581.1,35,0.0032710280373831778
OM281580.1,35,0.0032710280373831778
OM281579.1,35,0.0032710280373831778
OM281578.1,35,0.0032710280373831778
OM281577.1,35,0.0032710280373831778
OM281576.1,35,0.0032710280373831778
OM281575.1,35,0.0032710280373831778
OM281574.1,35,0.0032710280373831778
OM281573.1,34,0.003177570093457944
OM281572.1,35,0.0032710280373831778
OM281571.1,34,0.003177570093457944
OM281570.1,35,0.0032710280373831778
OM281569.1,35,0.0032710280373831778
OQ101603.1,25,0.002336448598130841
ON799403.1,-51,0.004766355140186916
ON799402.1,-51,0.004766355140186916
ON799266.1,35,0.0032710280373831778
ON123670.1,7,0.0006542056074766356
ON123669.1,7,0.0006542056074766356
ON123668.1,-51,0.004766355140186916
ON123667.1,35,0.0032710280373831778
ON123665.1,7,0.0006542056074766356
ON123664.1,35,0.0032710280373831778
ON123662.1,7,0.0006542056074766356
ON123661.1,35,0.0032710280373831778
ON123660.1,7,0.0006542056074766356
ON123659.1,7,0.0006542056074766356
ON123658.1,7,0.0006542056074766356
ON123657.1,35,0.0032710280373831778
ON123655.1,7,0.0006542056074766356
ON123654.1,35,0.0032710280373831778
ON123651.1,23,0.002149532710280374
ON123650.1,35,0.0032710280373831778
ON123646.1,35,0.0032710280373831778
LC436677.1,-34,0.003177570093457944
LC436676.1,-34,0.003177570093457944
LC436675.1,-29,0.0027102803738317757
LC436674.1,-29,0.0027102803738317757
LC436673.1,-29,0.0027102803738317757
LC436672.1,-29,0.0027102803738317757
LC436671.1,-29,0.0027102803738317757
LC436670.1,-29,0.0027102803738317757
LC436669.1,-29,0.0027102803738317757
LC436668.1,-27,0.0025233644859813083
LC436667.1,-27,0.0025233644859813083
OL314747.1,-47,0.004392523364485981
OL314746.1,-47,0.004392523364485981
OL314745.1,-47,0.004392523364485981
OL314744.1,-47,0.004392523364485981
OL314743.1,-47,0.004392523364485981
OL314742.1,-47,0.004392523364485981
OL314741.1,-47,0.004392523364485981
OL314740.1,-47,0.004392523364485981
OL314739.1,-47,0.004392523364485981
OL314738.1,-47,0.004392523364485981
OL314737.1,-47,0.004392523364485981
OL314736.1,-47,0.004392523364485981
OL314735.1,-47,0.004392523364485981
MW396468.1,7,0.0006542056074766356
MW396465.1,7,0.0006542056074766356
OM202935.1,-386,0.03607476635514019
OM202934.1,-240,0.022429906542056073
OP411002.1,-47,0.004392523364485981
OP411001.1,-47,0.004392523364485981
OP411000.1,-52,0.00485981308411215
OP410999.1,-47,0.004392523364485981
OP410998.1,0,0.0
OP410997.1,8,0.0007476635514018691
OP410996.1,7,0.0006542056074766356
OP410995.1,6,0.0005607476635514019
OP410994.1,8,0.0007476635514018691
OP410993.1,8,0.0007476635514018691
OP410992.1,23,0.002149532710280374
OP410991.1,18,0.0016822429906542056
OP410990.1,23,0.002149532710280374
OP410989.1,23,0.002149532710280374
LC707382.1,-30,0.002803738317757009
MZ215848.1,-23,0.002149532710280374
ON398847.1,23,0.002149532710280374
MW721472.1,22,0.00205607476635514
MW721459.1,22,0.00205607476635514
ON109597.1,35,0.0032710280373831778
OM681318.1,22,0.00205607476635514
OM639982.1,23,0.002149532710280374
LC652828.1,35,0.0032710280373831778
LC652827.1,35,0.0032710280373831778
OL452067.1,5,0.00046728971962616824
OK605771.1,-50,0.004672897196261682
OK605770.1,-51,0.004766355140186916
OK605769.1,-49,0.004579439252336449
OK605768.1,-51,0.004766355140186916
OK605767.1,-52,0.00485981308411215
OK605766.1,7,0.0006542056074766356
OK605765.1,7,0.0006542056074766356
OK605764.1,7,0.0006542056074766356
OK605763.1,7,0.0006542056074766356
OK605762.1,7,0.0006542056074766356
OK605761.1,23,0.002149532710280374
OK605760.1,22,0.00205607476635514
OK605759.1,24,0.0022429906542056075
OK605758.1,23,0.002149532710280374
OK605757.1,24,0.0022429906542056075
OK605756.1,35,0.0032710280373831778
OK605755.1,35,0.0032710280373831778
OK605754.1,35,0.0032710280373831778
OK605753.1,35,0.0032710280373831778
LC666719.1,24,0.0022429906542056075
LC666718.1,24,0.0022429906542056075
OK448162.1,38,0.0035514018691588786
OK605599.1,-23,0.002149532710280374
OK562728.1,39,0.003644859813084112
MW315195.1,34,0.003177570093457944
MW315194.1,45,0.004205607476635514
MW315191.1,35,0.0032710280373831778
MW315189.1,35,0.0032710280373831778
MW315188.1,35,0.0032710280373831778
MW315185.1,35,0.0032710280373831778
MW315183.1,35,0.0032710280373831778
MW315182.1,34,0.003177570093457944
MW315181.1,45,0.004205607476635514
MW315178.1,34,0.003177570093457944
MW315177.1,35,0.0032710280373831778
MW315176.1,35,0.0032710280373831778
MW315175.1,41,0.0038317757009345794
MW315172.1,35,0.0032710280373831778
MW577849.1,23,0.002149532710280374
MW577834.1,23,0.002149532710280374
MW577833.1,23,0.002149532710280374
MW577832.1,23,0.002149532710280374
MW577831.1,25,0.002336448598130841
MW577830.1,24,0.0022429906542056075
MW577825.1,24,0.0022429906542056075
MW577824.1,24,0.0022429906542056075
MW577823.1,24,0.0022429906542056075
MW577822.1,25,0.002336448598130841
MW577821.1,24,0.0022429906542056075
MW577819.1,24,0.0022429906542056075
MW577818.1,24,0.0022429906542056075
MW577817.1,25,0.002336448598130841
MW577816.1,24,0.0022429906542056075
MW577815.1,25,0.002336448598130841
MW577813.1,25,0.002336448598130841
MW512498.1,21,0.0019626168224299067
MW512497.1,21,0.0019626168224299067
MW512496.1,21,0.0019626168224299067
MW512494.1,23,0.002149532710280374
MW512493.1,23,0.002149532710280374
MW512492.1,23,0.002149532710280374
MW512491.1,23,0.002149532710280374
MW512490.1,23,0.002149532710280374
MW512489.1,23,0.002149532710280374
MW512488.1,21,0.0019626168224299067
MW512487.1,21,0.0019626168224299067
MW512486.1,21,0.0019626168224299067
MW512485.1,23,0.002149532710280374
MW512483.1,23,0.002149532710280374
MW512482.1,13,0.0012149532710280374
MW512481.1,23,0.002149532710280374
MW512480.1,23,0.002149532710280374
MW512479.1,23,0.002149532710280374
MW512477.1,23,0.002149532710280374
MW512476.1,23,0.002149532710280374
MW512475.1,23,0.002149532710280374
MW512474.1,23,0.002149532710280374
MW512473.1,23,0.002149532710280374
MW512472.1,23,0.002149532710280374
MW512471.1,23,0.002149532710280374
MW512470.1,18,0.0016822429906542056
MW512469.1,18,0.0016822429906542056
MW512468.1,23,0.002149532710280374
MW512467.1,23,0.002149532710280374
MW512465.1,23,0.002149532710280374
MW512462.1,23,0.002149532710280374
MW512461.1,23,0.002149532710280374
MW512458.1,23,0.002149532710280374
MW512457.1,23,0.002149532710280374
MW512456.1,23,0.002149532710280374
MW512454.1,23,0.002149532710280374
MW512451.1,23,0.002149532710280374
MW512450.1,23,0.002149532710280374
MW512449.1,23,0.002149532710280374
MW512448.1,23,0.002149532710280374
MW512447.1,23,0.002149532710280374
MW512446.1,23,0.002149532710280374
MW512445.1,23,0.002149532710280374
MW512444.1,23,0.002149532710280374
MW512443.1,23,0.002149532710280374
MW512441.1,23,0.002149532710280374
MW512440.1,23,0.002149532710280374
MW512439.1,23,0.002149532710280374
MW512438.1,23,0.002149532710280374
MW512437.1,23,0.002149532710280374
MW512436.1,23,0.002149532710280374
MW512435.1,23,0.002149532710280374
MW512434.1,23,0.002149532710280374
MW512433.1,23,0.002149532710280374
MW512432.1,23,0.002149532710280374
MW512431.1,23,0.002149532710280374
MW512430.1,23,0.002149532710280374
MW512429.1,23,0.002149532710280374
MW512428.1,23,0.002149532710280374
MW512427.1,23,0.002149532710280374
MW512426.1,23,0.002149532710280374
MW512425.1,23,0.002149532710280374
MW512423.1,23,0.002149532710280374
MW512422.1,23,0.002149532710280374
MW512421.1,23,0.002149532710280374
MW512420.1,23,0.002149532710280374
MW512418.1,23,0.002149532710280374
MW512417.1,23,0.002149532710280374
MW512415.1,23,0.002149532710280374
MW512414.1,23,0.002149532710280374
MW512413.1,23,0.002149532710280374
MW512412.1,23,0.002149532710280374
MW512411.1,23,0.002149532710280374
MW512410.1,23,0.002149532710280374
MW512409.1,23,0.002149532710280374
MW512408.1,23,0.002149532710280374
MW512407.1,23,0.002149532710280374
MW512406.1,23,0.002149532710280374
MW512405.1,23,0.002149532710280374
MW512404.1,23,0.002149532710280374
MW512403.1,23,0.002149532710280374
MW512402.1,23,0.002149532710280374
MW512401.1,23,0.002149532710280374
MW512400.1,23,0.002149532710280374
MW512399.1,23,0.002149532710280374
MW512398.1,23,0.002149532710280374
MW512396.1,23,0.002149532710280374
MW512395.1,23,0.002149532710280374
MW512393.1,23,0.002149532710280374
MW512392.1,23,0.002149532710280374
MW512391.1,23,0.002149532710280374
MW512390.1,23,0.002149532710280374
MW512389.1,23,0.002149532710280374
MW512388.1,23,0.002149532710280374
MW512386.1,23,0.002149532710280374
MW512385.1,23,0.002149532710280374
MW512384.1,23,0.002149532710280374
MW512383.1,23,0.002149532710280374
MW512382.1,23,0.002149532710280374
MW512381.1,23,0.002149532710280374
MW512380.1,23,0.002149532710280374
MW512379.1,23,0.002149532710280374
MW512378.1,23,0.002149532710280374
MW512377.1,23,0.002149532710280374
MW512376.1,23,0.002149532710280374
MW512375.1,23,0.002149532710280374
MW512374.1,23,0.002149532710280374
MW512373.1,23,0.002149532710280374
MW512372.1,23,0.002149532710280374
MW512371.1,23,0.002149532710280374
MW512370.1,23,0.002149532710280374
MW512369.1,23,0.002149532710280374
MW512368.1,23,0.002149532710280374
MW512367.1,23,0.002149532710280374
MW512366.1,23,0.002149532710280374
MW512365.1,23,0.002149532710280374
MW512364.1,23,0.002149532710280374
MW512363.1,23,0.002149532710280374
MW512362.1,23,0.002149532710280374
MW512341.1,23,0.002149532710280374
MZ285732.1,35,0.0032710280373831778
MZ284953.1,35,0.0032710280373831778
MZ008467.1,24,0.0022429906542056075
MZ008463.1,25,0.002336448598130841
MW828678.1,35,0.0032710280373831778
MW793460.1,-52,0.00485981308411215
MW793459.1,-52,0.00485981308411215
MW186240.1,23,0.002149532710280374
MW186239.1,23,0.002149532710280374
MW362474.1,35,0.0032710280373831778
MW362471.1,35,0.0032710280373831778
MW582816.1,35,0.0032710280373831778
MW582815.1,35,0.0032710280373831778
MW582814.1,35,0.0032710280373831778
MW582813.1,35,0.0032710280373831778
MK783210.1,-14,0.001308411214953271
MK783209.1,-42,0.003925233644859813
MK783208.1,26,0.002429906542056075
MK783207.1,-20,0.001869158878504673
MK783206.1,-6,0.0005607476635514019
MK783205.1,-17,0.001588785046728972
MK783204.1,-22,0.00205607476635514
MK783203.1,-17,0.001588785046728972
MK783202.1,-63,0.00588785046728972
MK783201.1,-17,0.001588785046728972
MK783200.1,-17,0.001588785046728972
MK783199.1,-22,0.00205607476635514
MK783198.1,-62,0.005794392523364486
MK783197.1,-17,0.001588785046728972
MK783196.1,-21,0.0019626168224299067
MK783195.1,-22,0.00205607476635514
MK783194.1,-21,0.0019626168224299067
MK783193.1,-22,0.00205607476635514
MK783192.1,-17,0.001588785046728972
MK783191.1,-22,0.00205607476635514
MK783190.1,-26,0.002429906542056075
MK783189.1,-23,0.002149532710280374
MW386867.1,39,0.003644859813084112
MW386865.1,42,0.003925233644859813
MN566112.1,22,0.00205607476635514
MN566111.1,22,0.00205607476635514
MN253125.1,-49,0.004579439252336449
MN294937.1,23,0.002149532710280374
MT921571.1,23,0.002149532710280374
MN886874.1,22,0.00205607476635514
MN886870.1,22,0.00205607476635514
MN886865.1,21,0.0019626168224299067
MT076955.1,-52,0.00485981308411215
MT076937.1,23,0.002149532710280374
MT076935.1,35,0.0032710280373831778
MT076934.1,35,0.0032710280373831778
MT076933.1,35,0.0032710280373831778
MT076932.1,35,0.0032710280373831778
MT180479.1,23,0.002149532710280374
MT447147.1,37,0.0034579439252336447
LC379197.1,-59,0.005514018691588785
LC379196.1,-37,0.0034579439252336447
LC379195.1,-37,0.0034579439252336447
LC379194.1,-37,0.0034579439252336447
LC379193.1,-37,0.0034579439252336447
MK517773.1,-54,0.005046728971962617
KR052012.1,14,0.001308411214953271
MN192436.1,-50,0.004672897196261682
MN018398.1,-48,0.004485981308411215
MN018397.1,-48,0.004485981308411215
MN018396.1,-48,0.004485981308411215
MN018395.1,-48,0.004485981308411215
MN018394.1,-48,0.004485981308411215
MN018393.1,-48,0.004485981308411215
MN018392.1,-48,0.004485981308411215
MN018391.1,-48,0.004485981308411215
MN018390.1,-48,0.004485981308411215
MN018389.1,8,0.0007476635514018691
MN018388.1,8,0.0007476635514018691
MN018387.1,8,0.0007476635514018691
MN018386.1,8,0.0007476635514018691
MN018385.1,8,0.0007476635514018691
MN018384.1,8,0.0007476635514018691
MN018383.1,8,0.0007476635514018691
MN018382.1,8,0.0007476635514018691
MN018381.1,8,0.0007476635514018691
MN018380.1,8,0.0007476635514018691
MN018379.1,8,0.0007476635514018691
MN018378.1,8,0.0007476635514018691
MN018377.1,8,0.0007476635514018691
MN018376.1,8,0.0007476635514018691
MN018375.1,8,0.0007476635514018691
MN018374.1,8,0.0007476635514018691
MN018373.1,8,0.0007476635514018691
MN018372.1,8,0.0007476635514018691
MN018371.1,8,0.0007476635514018691
MN018370.1,8,0.0007476635514018691
MN018369.1,8,0.0007476635514018691
MN018368.1,8,0.0007476635514018691
MN018367.1,8,0.0007476635514018691
MN018366.1,24,0.0022429906542056075
MN018365.1,24,0.0022429906542056075
MN018364.1,24,0.0022429906542056075
MN018363.1,24,0.0022429906542056075
MN018362.1,24,0.0022429906542056075
MN018361.1,24,0.0022429906542056075
MN018360.1,24,0.0022429906542056075
MN018359.1,24,0.0022429906542056075
MN018358.1,24,0.0022429906542056075
MN018357.1,24,0.0022429906542056075
MN018356.1,24,0.0022429906542056075
MN018355.1,24,0.0022429906542056075
MN018354.1,24,0.0022429906542056075
MN018353.1,24,0.0022429906542056075
MN018352.1,24,0.0022429906542056075
MN018351.1,24,0.0022429906542056075
MN018350.1,24,0.0022429906542056075
MN018349.1,24,0.0022429906542056075
MN018348.1,24,0.0022429906542056075
MN018347.1,24,0.0022429906542056075
MN018346.1,24,0.0022429906542056075
MN018345.1,24,0.0022429906542056075
MN018344.1,24,0.0022429906542056075
MN018343.1,24,0.0022429906542056075
MN018342.1,24,0.0022429906542056075
MN018341.1,24,0.0022429906542056075
MN018340.1,24,0.0022429906542056075
MN018339.1,24,0.0022429906542056075
MN018338.1,24,0.0022429906542056075
MN018337.1,24,0.0022429906542056075
MN018336.1,35,0.0032710280373831778
MN018335.1,35,0.0032710280373831778
MN018334.1,35,0.0032710280373831778
MN018333.1,35,0.0032710280373831778
MN018332.1,35,0.0032710280373831778
MN018331.1,35,0.0032710280373831778
MN018330.1,35,0.0032710280373831778
MN018329.1,35,0.0032710280373831778
MN018328.1,35,0.0032710280373831778
MN018327.1,35,0.0032710280373831778
MN018326.1,35,0.0032710280373831778
MN018325.1,35,0.0032710280373831778
MN018324.1,35,0.0032710280373831778
MN018323.1,35,0.0032710280373831778
MN018322.1,35,0.0032710280373831778
MN018321.1,35,0.0032710280373831778
MN018320.1,35,0.0032710280373831778
MN018319.1,35,0.0032710280373831778
MN018318.1,35,0.0032710280373831778
MN018317.1,35,0.0032710280373831778
MN018316.1,35,0.0032710280373831778
MN018315.1,35,0.0032710280373831778
MN018314.1,35,0.0032710280373831778
MN018313.1,35,0.0032710280373831778
MN018312.1,35,0.0032710280373831778
MN018311.1,35,0.0032710280373831778
MN018310.1,35,0.0032710280373831778
MN018309.1,35,0.0032710280373831778
MN018308.1,35,0.0032710280373831778
MN018307.1,35,0.0032710280373831778
MN018306.1,35,0.0032710280373831778
MN018305.1,35,0.0032710280373831778
MN018304.1,35,0.0032710280373831778
MN018303.1,35,0.0032710280373831778
MN018302.1,35,0.0032710280373831778
MN018301.1,35,0.0032710280373831778
MN018300.1,35,0.0032710280373831778
MN018299.1,35,0.0032710280373831778
MN018298.1,35,0.0032710280373831778
MN018297.1,35,0.0032710280373831778
MN018296.1,35,0.0032710280373831778
MN018295.1,35,0.0032710280373831778
MN018294.1,35,0.0032710280373831778
MN018293.1,35,0.0032710280373831778
MN018292.1,35,0.0032710280373831778
MN018291.1,35,0.0032710280373831778
MN018290.1,35,0.0032710280373831778
MN018289.1,35,0.0032710280373831778
MN018288.1,35,0.0032710280373831778
MN018287.1,35,0.0032710280373831778
MN018286.1,35,0.0032710280373831778
MN018285.1,35,0.0032710280373831778
KJ579245.1,-51,0.004766355140186916
KJ596658.1,-51,0.004766355140186916
KJ596659.1,-51,0.004766355140186916
KJ596660.1,-51,0.004766355140186916
KJ596661.1,-51,0.004766355140186916
KJ596662.1,-51,0.004766355140186916
KJ596663.1,-51,0.004766355140186916
KJ596664.1,-51,0.004766355140186916
KJ596665.1,-51,0.004766355140186916
KJ596666.1,-51,0.004766355140186916
KJ596667.1,-51,0.004766355140186916
KJ596668.1,-51,0.004766355140186916
KJ596669.1,-51,0.004766355140186916
KJ596670.1,-51,0.004766355140186916
KJ596671.1,-51,0.004766355140186916
KJ596672.1,-51,0.004766355140186916
KJ596673.1,-51,0.004766355140186916
KJ596674.1,-51,0.004766355140186916
KJ579248.1,-51,0.004766355140186916
KJ579247.1,-50,0.004672897196261682
KJ579246.1,-51,0.004766355140186916
KJ579244.1,-51,0.004766355140186916
KJ579243.1,-51,0.004766355140186916
KJ579242.1,-51,0.004766355140186916
KJ579241.1,-51,0.004766355140186916
KJ579240.1,-51,0.004766355140186916
JN819404.1,-177,0.016542056074766356
MH891772.1,-190,0.017757009345794394
MH891771.1,-77,0.007196261682242991
MH891770.1,-254,0.023738317757009346
MH891769.1,-297,0.027757009345794392
MH891768.1,16,0.0014953271028037382
MH891767.1,64,0.005981308411214953
MH891766.1,64,0.005981308411214953
MK005258.1,-43,0.004018691588785046
MF940253.1,16,0.0014953271028037382
MF940252.1,16,0.0014953271028037382
MF940251.1,16,0.0014953271028037382
MF940250.1,16,0.0014953271028037382
MF940249.1,16,0.0014953271028037382
MF940248.1,16,0.0014953271028037382
MF940247.1,16,0.0014953271028037382
MF940246.1,16,0.0014953271028037382
MF940245.1,16,0.0014953271028037382
MF940244.1,16,0.0014953271028037382
MF940243.1,16,0.0014953271028037382
MF940242.1,16,0.0014953271028037382
MF940241.1,16,0.0014953271028037382
MF940240.1,16,0.0014953271028037382
MF940239.1,16,0.0014953271028037382
MF940238.1,16,0.0014953271028037382
MF940237.1,16,0.0014953271028037382
MF940236.1,16,0.0014953271028037382
MN272405.1,24,0.0022429906542056075
MN272404.1,24,0.0022429906542056075
MN328061.1,-1,9.345794392523364e-05
MN239505.1,-36,0.0033644859813084112
MK411559.1,-24,0.0022429906542056075
MK411558.1,-4,0.00037383177570093456
MH827554.1,24,0.0022429906542056075
MH827553.1,24,0.0022429906542056075
MH827552.1,24,0.0022429906542056075
MH827551.1,24,0.0022429906542056075
MH827550.1,24,0.0022429906542056075
MH827549.1,24,0.0022429906542056075
MH827548.1,24,0.0022429906542056075
MH827547.1,24,0.0022429906542056075
MH827546.1,24,0.0022429906542056075
MH827545.1,24,0.0022429906542056075
MH827544.1,24,0.0022429906542056075
MH827543.1,24,0.0022429906542056075
MH827542.1,24,0.0022429906542056075
MH827541.1,24,0.0022429906542056075
MH827540.1,24,0.0022429906542056075
MH827539.1,24,0.0022429906542056075
MH827538.1,24,0.0022429906542056075
MH827537.1,24,0.0022429906542056075
MH827536.1,24,0.0022429906542056075
MH827535.1,24,0.0022429906542056075
MH827534.1,24,0.0022429906542056075
MH827533.1,24,0.0022429906542056075
MH827532.1,24,0.0022429906542056075
MH827531.1,24,0.0022429906542056075
MH827530.1,24,0.0022429906542056075
MH827529.1,24,0.0022429906542056075
MH827528.1,24,0.0022429906542056075
MH827527.1,24,0.0022429906542056075
MH827526.1,24,0.0022429906542056075
MH827525.1,24,0.0022429906542056075
NC_001475.2,7,0.0006542056074766356
NC_001474.2,23,0.002149532710280374
NC_002640.1,-51,0.004766355140186916
MG181997.1,15,0.0014018691588785046
MK894341.1,-58,0.005420560747663551
MK894340.1,-50,0.004672897196261682
MK894339.1,-50,0.004672897196261682
MK894338.1,-50,0.004672897196261682
NC_001477.1,35,0.0032710280373831778
MG097876.1,35,0.0032710280373831778
MG097875.1,5,0.00046728971962616824
MK514144.1,-51,0.004766355140186916
MH781015.1,5,0.00046728971962616824
MH781014.1,-83,0.007757009345794393
MH781013.1,-49,0.004579439252336449
MK543479.1,16,0.0014953271028037382
MK543471.1,16,0.0014953271028037382
MK543450.1,16,0.0014953271028037382
MK543449.1,16,0.0014953271028037382
MK543448.1,16,0.0014953271028037382
MH613986.1,23,0.002149532710280374
MH613985.1,23,0.002149532710280374
MH613984.1,23,0.002149532710280374
MK506266.1,-79,0.007383177570093458
MK506265.1,-50,0.004672897196261682
MK506264.1,-12,0.0011214953271028037
MK506263.1,-12,0.0011214953271028037
MK506262.1,1,9.345794392523364e-05
MK513444.1,23,0.002149532710280374
KY672960.1,-39,0.003644859813084112
KY672959.1,-39,0.003644859813084112
KY672958.1,-39,0.003644859813084112
KY672957.1,-39,0.003644859813084112
KY672956.1,-39,0.003644859813084112
KY672955.1,23,0.002149532710280374
KY672954.1,-35,0.0032710280373831778
KY672953.1,-35,0.0032710280373831778
KY672952.1,-32,0.0029906542056074765
KY672951.1,-20,0.001869158878504673
KY672950.1,23,0.002149532710280374
KY672949.1,23,0.002149532710280374
KY672948.1,23,0.002149532710280374
KY672947.1,23,0.002149532710280374
KY672946.1,23,0.002149532710280374
KY672945.1,23,0.002149532710280374
KY672944.1,9,0.0008411214953271028
KY672943.1,37,0.0034579439252336447
KY672942.1,37,0.0034579439252336447
KY672941.1,14,0.001308411214953271
KY672940.1,7,0.0006542056074766356
KY672939.1,7,0.0006542056074766356
KY672938.1,38,0.0035514018691588786
KY672937.1,38,0.0035514018691588786
KY672936.1,38,0.0035514018691588786
KY672935.1,38,0.0035514018691588786
KY672934.1,38,0.0035514018691588786
KY672933.1,14,0.001308411214953271
KY672932.1,4,0.00037383177570093456
KY672931.1,38,0.0035514018691588786
MH823210.1,-52,0.00485981308411215
MH823209.1,7,0.0006542056074766356
MH823208.1,23,0.002149532710280374
MH823207.1,28,0.002616822429906542
MK268692.1,21,0.0019626168224299067
MH888334.1,-95,0.008878504672897197
MH888333.1,-17,0.001588785046728972
MH888332.1,-41,0.0038317757009345794
MH888331.1,-239,0.022336448598130842
MH010629.1,-10,0.0009345794392523365
MG721055.1,26,0.002429906542056075
MG721064.1,-415,0.03878504672897196
KY923048.1,37,0.0034579439252336447
MH921567.1,6,0.0005607476635514019
MH921566.1,6,0.0005607476635514019
MH985859.1,22,0.00205607476635514
MH985858.1,23,0.002149532710280374
KY057373.1,35,0.0032710280373831778
KY057372.1,35,0.0032710280373831778
KY057371.1,35,0.0032710280373831778
KY057370.1,35,0.0032710280373831778
KY057369.1,35,0.0032710280373831778
KY057368.1,35,0.0032710280373831778
KY057367.1,35,0.0032710280373831778
KY057366.1,35,0.0032710280373831778
KY057365.1,35,0.0032710280373831778
MG767211.1,0,0.0
MG560144.1,-30,0.002803738317757009
MG560143.1,23,0.002149532710280374
MH382789.1,-47,0.004392523364485981
MH110603.1,-524,0.04897196261682243
MH110602.1,-524,0.04897196261682243
MH110601.1,-524,0.04897196261682243
MH110600.1,-524,0.04897196261682243
MH110599.1,-524,0.04897196261682243
MH110598.1,-524,0.04897196261682243
MH110597.1,-524,0.04897196261682243
MH110596.1,-524,0.04897196261682243
MH110595.1,-524,0.04897196261682243
MH110594.1,-524,0.04897196261682243
MH110593.1,-524,0.04897196261682243
MH110592.1,-524,0.04897196261682243
MH110591.1,-524,0.04897196261682243
MH110590.1,-524,0.04897196261682243
MH110589.1,-524,0.04897196261682243
MH110588.1,-524,0.04897196261682243
MH110587.1,-524,0.04897196261682243
MH110586.1,-524,0.04897196261682243
MH110585.1,-524,0.04897196261682243
MH110584.1,-524,0.04897196261682243
MH110583.1,-524,0.04897196261682243
MH110582.1,-524,0.04897196261682243
MH110581.1,-524,0.04897196261682243
MH110580.1,-524,0.04897196261682243
MH110579.1,-524,0.04897196261682243
MH110578.1,-524,0.04897196261682243
MH110577.1,-524,0.04897196261682243
MH110576.1,-524,0.04897196261682243
MH110575.1,-524,0.04897196261682243
MH110574.1,-524,0.04897196261682243
MH110573.1,-524,0.04897196261682243
MH110572.1,-524,0.04897196261682243
MH110571.1,-524,0.04897196261682243
MH110570.1,-524,0.04897196261682243
MH110569.1,-524,0.04897196261682243
MH110568.1,-524,0.04897196261682243
MH110567.1,-524,0.04897196261682243
MH110566.1,-524,0.04897196261682243
MH110565.1,-524,0.04897196261682243
MH110564.1,-524,0.04897196261682243
MG877557.1,51,0.004766355140186916
MG877556.1,18,0.0016822429906542056
MG877555.1,19,0.0017757009345794393
MG877554.1,19,0.0017757009345794393
MG877553.1,19,0.0017757009345794393
MG877552.1,-75,0.007009345794392523
MF033261.1,14,0.001308411214953271
MF033260.1,35,0.0032710280373831778
MF033259.1,-23,0.002149532710280374
MF033258.1,-24,0.0022429906542056075
MF033257.1,35,0.0032710280373831778
MF033256.1,14,0.001308411214953271
MF033255.1,14,0.001308411214953271
MF033254.1,-10,0.0009345794392523365
MF033253.1,14,0.001308411214953271
MF033252.1,14,0.001308411214953271
MF033251.1,14,0.001308411214953271
MF033250.1,-19,0.0017757009345794393
MF033249.1,-20,0.001869158878504673
MF033248.1,35,0.0032710280373831778
MF033247.1,35,0.0032710280373831778
MF033246.1,35,0.0032710280373831778
MF033245.1,35,0.0032710280373831778
MF033244.1,35,0.0032710280373831778
MF033243.1,14,0.001308411214953271
MF033242.1,14,0.001308411214953271
MF033241.1,-14,0.001308411214953271
MF033240.1,35,0.0032710280373831778
MF033239.1,35,0.0032710280373831778
MF033238.1,14,0.001308411214953271
MF033237.1,14,0.001308411214953271
MF033236.1,35,0.0032710280373831778
MF033235.1,35,0.0032710280373831778
MF033234.1,14,0.001308411214953271
MF033233.1,35,0.0032710280373831778
MF033232.1,35,0.0032710280373831778
MF033231.1,35,0.0032710280373831778
MF033230.1,35,0.0032710280373831778
MF033229.1,14,0.001308411214953271
MF033228.1,35,0.0032710280373831778
MF033227.1,14,0.001308411214953271
MF033226.1,14,0.001308411214953271
MF033225.1,35,0.0032710280373831778
MF033224.1,-39,0.003644859813084112
MF033223.1,35,0.0032710280373831778
MF033222.1,35,0.0032710280373831778
MF033221.1,-15,0.0014018691588785046
MF033220.1,35,0.0032710280373831778
MF033219.1,35,0.0032710280373831778
MF033218.1,35,0.0032710280373831778
MF033217.1,10,0.0009345794392523365
MF033216.1,35,0.0032710280373831778
MF033215.1,35,0.0032710280373831778
MF033214.1,35,0.0032710280373831778
MF033213.1,14,0.001308411214953271
MF033212.1,14,0.001308411214953271
MF033211.1,14,0.001308411214953271
MF033210.1,35,0.0032710280373831778
MF033209.1,35,0.0032710280373831778
MF033208.1,35,0.0032710280373831778
MF033207.1,35,0.0032710280373831778
MF033206.1,35,0.0032710280373831778
MF033205.1,14,0.001308411214953271
MF033204.1,14,0.001308411214953271
MF033203.1,35,0.0032710280373831778
MF033202.1,35,0.0032710280373831778
MF033201.1,35,0.0032710280373831778
MF033200.1,14,0.001308411214953271
MF033199.1,35,0.0032710280373831778
MF033198.1,14,0.001308411214953271
MF033197.1,35,0.0032710280373831778
MF033196.1,35,0.0032710280373831778
MG560269.1,-117,0.010934579439252336
MG560268.1,-117,0.010934579439252336
MG560267.1,-117,0.010934579439252336
MG560266.1,-117,0.010934579439252336
MG560265.1,-96,0.00897196261682243
MG679801.1,35,0.0032710280373831778
MG679800.1,35,0.0032710280373831778
MH544651.1,6,0.0005607476635514019
MH544650.1,8,0.0007476635514018691
MH544649.1,7,0.0006542056074766356
MH544647.1,7,0.0006542056074766356
MF459663.3,24,0.0022429906542056075
MH450301.2,-219,0.020467289719626167
MH450311.1,-16,0.0014953271028037382
MH450310.1,-27,0.0025233644859813083
MH450309.1,-51,0.004766355140186916
MH450308.1,-114,0.010654205607476635
MH450307.1,-51,0.004766355140186916
MH450306.1,11,0.00102803738317757
MH450305.1,-51,0.004766355140186916
MH450304.1,1,9.345794392523364e-05
MH450303.1,-28,0.002616822429906542
MH450302.1,-9,0.0008411214953271028
MH450300.1,-269,0.02514018691588785
MH450299.1,-22,0.00205607476635514
MH450298.1,-130,0.012149532710280374
MH450297.1,0,0.0
MH450296.1,-27,0.0025233644859813083
MH450295.1,-9,0.0008411214953271028
MH450312.1,52,0.00485981308411215
KX618706.1,35,0.0032710280373831778
KX618705.1,35,0.0032710280373831778
MH215277.1,22,0.00205607476635514
MH069499.1,12,0.0011214953271028037
MH069498.1,4,0.00037383177570093456
MH069497.1,11,0.00102803738317757
MH069496.1,-6,0.0005607476635514019
MH069495.1,-81,0.007570093457943925
MF314189.1,-106,0.009906542056074767
MF314188.1,6,0.0005607476635514019
MG272274.1,-48,0.004485981308411215
MG272273.1,-48,0.004485981308411215
MG272272.1,-48,0.004485981308411215
MF043956.1,23,0.002149532710280374
KY926849.1,-103,0.009626168224299065
KY926848.1,-103,0.009626168224299065
KY794790.1,-66,0.006168224299065421
KY794789.1,-66,0.006168224299065421
KY794788.1,-110,0.010280373831775701
KY794787.1,-83,0.007757009345794393
KY794786.1,-57,0.0053271028037383174
KY794785.1,-43,0.004018691588785046
MG601754.1,72,0.0067289719626168224
KY670635.1,-83,0.007757009345794393
KY670634.1,-48,0.004485981308411215
KY670633.1,-62,0.005794392523364486
MF683117.1,35,0.0032710280373831778
MF683116.1,35,0.0032710280373831778
MF681693.1,35,0.0032710280373831778
MF681692.1,35,0.0032710280373831778
LC367234.1,23,0.002149532710280374
KX855927.1,-97,0.009065420560747663
KY474335.1,-58,0.005420560747663551
KY474334.1,-240,0.022429906542056073
KY474333.1,-52,0.00485981308411215
KY474332.1,-53,0.004953271028037384
KY474331.1,-52,0.00485981308411215
KY474330.1,-52,0.00485981308411215
KY474329.1,-52,0.00485981308411215
KY474328.1,-52,0.00485981308411215
KY474327.1,-52,0.00485981308411215
KY474326.1,-52,0.00485981308411215
KY474325.1,-52,0.00485981308411215
KY474324.1,-52,0.00485981308411215
KY474323.1,-52,0.00485981308411215
KY474322.1,-52,0.00485981308411215
KY474321.1,-53,0.004953271028037384
KY474320.1,-53,0.004953271028037384
KY474319.1,-52,0.00485981308411215
KY474318.1,-52,0.00485981308411215
KY474317.1,-53,0.004953271028037384
KY474316.1,-53,0.004953271028037384
KY474315.1,-52,0.00485981308411215
KY474314.1,-52,0.00485981308411215
KY474313.1,-52,0.00485981308411215
KY474312.1,-52,0.00485981308411215
KY474311.1,-53,0.004953271028037384
KY474310.1,-53,0.004953271028037384
KY474309.1,-52,0.00485981308411215
KY474308.1,-52,0.00485981308411215
KY474307.1,-23,0.002149532710280374
KY474306.1,-23,0.002149532710280374
KY474305.1,-24,0.0022429906542056075
KY474304.1,-22,0.00205607476635514
KY474303.1,-22,0.00205607476635514
KY882458.1,23,0.002149532710280374
MG189962.1,-35,0.0032710280373831778
MF797878.1,-13,0.0012149532710280374
MF576311.1,9,0.0008411214953271028
KY937190.1,41,0.0038317757009345794
KY937189.1,34,0.003177570093457944
KY937188.1,41,0.0038317757009345794
KY937187.1,42,0.003925233644859813
KY937186.1,42,0.003925233644859813
KY937185.1,42,0.003925233644859813
KY451945.1,-84,0.007850467289719627
KX702404.1,23,0.002149532710280374
MF405201.1,121,0.011308411214953271
MF370226.1,-73,0.006822429906542056
KY863456.1,7,0.0006542056074766356
KY829115.1,17,0.001588785046728972
KX595191.1,32,0.0029906542056074765
KT279761.2,35,0.0032710280373831778
KY427085.1,23,0.002149532710280374
KY427084.1,23,0.002149532710280374
KY921910.1,-98,0.009158878504672898
KY921909.1,-95,0.008878504672897197
KY921907.1,-33,0.0030841121495327104
KY921906.1,-25,0.002336448598130841
KY921905.1,23,0.002149532710280374
KY921904.1,23,0.002149532710280374
KY921903.1,14,0.001308411214953271
KY921902.1,35,0.0032710280373831778
KX224312.2,-48,0.004485981308411215
LC129172.1,23,0.002149532710280374
LC129171.1,23,0.002149532710280374
LC129170.1,23,0.002149532710280374
LC129169.1,23,0.002149532710280374
KX845005.1,-53,0.004953271028037384
KP792537.2,-49,0.004579439252336449
KR779786.2,23,0.002149532710280374
AB214882.1,7,0.0006542056074766356
AB214881.1,7,0.0006542056074766356
AB214880.1,7,0.0006542056074766356
AB214879.1,7,0.0006542056074766356
AB195673.1,18,0.0016822429906542056
KY627763.1,-25,0.002336448598130841
KY627762.1,-25,0.002336448598130841
KX655788.1,-32,0.0029906542056074765
KX655787.1,-65,0.006074766355140187
KX655786.1,-47,0.004392523364485981
KX621253.1,14,0.001308411214953271
KX621252.1,-82,0.007663551401869159
KX621251.1,-76,0.007102803738317757
KX621250.1,-51,0.004766355140186916
KX621249.1,-57,0.0053271028037383174
KX621248.1,-19,0.0017757009345794393
KX621247.1,-19,0.0017757009345794393
KX621246.1,-19,0.0017757009345794393
KX621245.1,-19,0.0017757009345794393
KX459392.1,-27,0.0025233644859813083
KX459391.1,-77,0.007196261682242991
KX459390.1,-32,0.0029906542056074765
KX459389.1,-36,0.0033644859813084112
KX459388.1,-34,0.003177570093457944
KX459387.1,-30,0.002803738317757009
KX459386.1,-34,0.003177570093457944
KY415992.1,24,0.0022429906542056075
KU509288.1,-200,0.018691588785046728
KU509287.1,-195,0.01822429906542056
KU509286.1,-207,0.019345794392523364
KU509285.1,-208,0.0194392523364486
KU509284.1,-210,0.019626168224299065
KU509283.1,-364,0.034018691588785045
KU509282.1,-132,0.012336448598130842
KU509281.1,-441,0.04121495327102804
KU509280.1,-439,0.04102803738317757
KU509279.1,-388,0.03626168224299065
KU509278.1,-430,0.04018691588785047
KU509277.1,-149,0.013925233644859814
KU509276.1,-305,0.02850467289719626
KU509275.1,-245,0.022897196261682243
KU509274.1,-160,0.014953271028037384
KU509273.1,-157,0.014672897196261683
KU509272.1,-438,0.040934579439252335
KU509271.1,-154,0.014392523364485982
KU509270.1,-164,0.015327102803738318
KU509269.1,-143,0.013364485981308412
KU509268.1,-177,0.016542056074766356
KU509267.1,-133,0.012429906542056075
KU509266.1,-35,0.0032710280373831778
KU509265.1,-107,0.01
KU509264.1,-454,0.04242990654205608
KU509263.1,-325,0.030373831775700934
KU509262.1,-114,0.010654205607476635
KU509261.1,-117,0.010934579439252336
KU509260.1,-322,0.030093457943925234
KU509259.1,-120,0.011214953271028037
KU509258.1,-323,0.03018691588785047
KU509257.1,-114,0.010654205607476635
KU509256.1,-121,0.011308411214953271
KU509255.1,-365,0.03411214953271028
KU509254.1,-131,0.012242990654205607
KU509253.1,-76,0.007102803738317757
KU509252.1,-146,0.013644859813084113
KU509251.1,-410,0.038317757009345796
KU509250.1,-133,0.012429906542056075
KU509249.1,-118,0.01102803738317757
KT424097.1,-19,0.0017757009345794393
KX225493.1,-9,0.0008411214953271028
KX225492.1,-9,0.0008411214953271028
KX225491.1,-12,0.0011214953271028037
KX225490.1,-24,0.0022429906542056075
KX225489.1,-22,0.00205607476635514
KX225488.1,-8,0.0007476635514018691
KX225487.1,-82,0.007663551401869159
KX225486.1,-69,0.006448598130841122
KX225485.1,-32,0.0029906542056074765
KX225484.1,-8,0.0007476635514018691
KX225483.1,-49,0.004579439252336449
KX620455.1,-13,0.0012149532710280374
KX620454.1,-257,0.024018691588785047
KX620453.1,-33,0.0030841121495327104
KX620452.1,-34,0.003177570093457944
KX620451.1,-30,0.002803738317757009
KX702403.1,24,0.0022429906542056075
KX372564.1,23,0.002149532710280374
KX274130.1,36,0.0033644859813084112
KU523872.1,-47,0.004392523364485981
KU523871.1,-111,0.010373831775700934
HQ541804.1,-436,0.04074766355140187
HQ541802.1,-471,0.04401869158878505
KU517847.1,23,0.002149532710280374
KU517846.1,23,0.002149532710280374
KU517845.1,23,0.002149532710280374
AY858048.2,7,0.0006542056074766356
AY858047.2,-12,0.0011214953271028037
AY858046.2,7,0.0006542056074766356
AY858045.2,7,0.0006542056074766356
AY858044.2,7,0.0006542056074766356
AY858043.2,6,0.0005607476635514019
AY858042.2,7,0.0006542056074766356
AY858041.2,7,0.0006542056074766356
AY858040.2,6,0.0005607476635514019
AY858039.2,7,0.0006542056074766356
AY858038.2,7,0.0006542056074766356
AY858037.2,7,0.0006542056074766356
AY858036.2,23,0.002149532710280374
AY858035.2,23,0.002149532710280374
KU948303.1,7,0.0006542056074766356
KP188547.1,76,0.007102803738317757
KP188545.1,-79,0.007383177570093458
KP188569.1,-280,0.026168224299065422
KP188568.1,-93,0.008691588785046729
KP188567.1,-82,0.007663551401869159
KP188566.1,-274,0.02560747663551402
KP188565.1,-345,0.032242990654205606
KP188564.1,-82,0.007663551401869159
KP188563.1,-46,0.004299065420560748
KP188562.1,-51,0.004766355140186916
KP188561.1,-262,0.024485981308411214
KP188560.1,-124,0.011588785046728972
KP188559.1,-328,0.030654205607476635
KP188558.1,-128,0.011962616822429906
KP188557.1,-275,0.02570093457943925
KP188556.1,-174,0.016261682242990655
KP188555.1,-43,0.004018691588785046
KP188554.1,-1,9.345794392523364e-05
KP188553.1,-297,0.027757009345794392
KP188552.1,-173,0.01616822429906542
KP188551.1,-97,0.009065420560747663
KP188550.1,8,0.0007476635514018691
KP188549.1,83,0.007757009345794393
KP188548.1,-53,0.004953271028037384
KP188546.1,-37,0.0034579439252336447
KP188544.1,217,0.0202803738317757
KP188543.1,217,0.0202803738317757
KP188542.1,-93,0.008691588785046729
KP188541.1,-210,0.019626168224299065
KP188540.1,-1,9.345794392523364e-05
KP188539.1,-284,0.026542056074766354
KX458014.1,35,0.0032710280373831778
KX458013.1,-64,0.005981308411214953
KU513442.1,-51,0.004766355140186916
KU513441.1,-50,0.004672897196261682
KP723478.1,-117,0.010934579439252336
KP723476.1,-72,0.0067289719626168224
KP723473.1,-70,0.0065420560747663555
KP012546.1,23,0.002149532710280374
KU725666.1,-4,0.00037383177570093456
KU725665.1,-4,0.00037383177570093456
KU725664.1,23,0.002149532710280374
KU725663.1,23,0.002149532710280374
KT726361.1,-37,0.0034579439252336447
KT726360.1,-37,0.0034579439252336447
KT726359.1,-37,0.0034579439252336447
KT726358.1,-37,0.0034579439252336447
KT726357.1,-37,0.0034579439252336447
KT726356.1,-37,0.0034579439252336447
KT726355.1,-37,0.0034579439252336447
KT726354.1,-37,0.0034579439252336447
KT726353.1,-37,0.0034579439252336447
KT726352.1,-37,0.0034579439252336447
KT726351.1,-37,0.0034579439252336447
KT726350.1,-37,0.0034579439252336447
KT726349.1,-37,0.0034579439252336447
KT726348.1,-37,0.0034579439252336447
KT726347.1,-37,0.0034579439252336447
KT726346.1,-37,0.0034579439252336447
KT726345.1,-37,0.0034579439252336447
KT726344.1,-37,0.0034579439252336447
KT726343.1,-37,0.0034579439252336447
KT726342.1,-37,0.0034579439252336447
KT726341.1,-37,0.0034579439252336447
KT726340.1,-37,0.0034579439252336447
KT831765.1,-26,0.002429906542056075
KT794007.1,-51,0.004766355140186916
KJ755855.1,27,0.0025233644859813083
KR919821.1,35,0.0032710280373831778
KR919820.1,24,0.0022429906542056075
KM403636.1,14,0.001308411214953271
KM403635.1,14,0.001308411214953271
KM403634.1,14,0.001308411214953271
KM403633.1,14,0.001308411214953271
KM403632.1,14,0.001308411214953271
KM403631.1,14,0.001308411214953271
KM403630.1,14,0.001308411214953271
KM403629.1,-63,0.00588785046728972
KM403628.1,14,0.001308411214953271
KM403627.1,14,0.001308411214953271
KM403626.1,14,0.001308411214953271
KM403625.1,14,0.001308411214953271
KM403624.1,14,0.001308411214953271
KM403623.1,14,0.001308411214953271
KM403622.1,14,0.001308411214953271
KM403621.1,-38,0.0035514018691588786
KM403620.1,-2,0.00018691588785046728
KM403619.1,14,0.001308411214953271
KM403618.1,14,0.001308411214953271
KM403617.1,14,0.001308411214953271
KM403616.1,14,0.001308411214953271
KM403615.1,14,0.001308411214953271
KM403614.1,14,0.001308411214953271
KM403613.1,14,0.001308411214953271
KM403612.1,14,0.001308411214953271
KM403611.1,14,0.001308411214953271
KM403610.1,14,0.001308411214953271
KM403609.1,14,0.001308411214953271
KM403608.1,14,0.001308411214953271
KM403607.1,14,0.001308411214953271
KM403606.1,14,0.001308411214953271
KM403605.1,14,0.001308411214953271
KM403604.1,14,0.001308411214953271
KM403603.1,14,0.001308411214953271
KM403602.1,14,0.001308411214953271
KM403601.1,-52,0.00485981308411215
KM403600.1,-1,9.345794392523364e-05
KM403599.1,-30,0.002803738317757009
KM403598.1,-54,0.005046728971962617
KM403597.1,14,0.001308411214953271
KM403596.1,14,0.001308411214953271
KM403595.1,14,0.001308411214953271
KM403594.1,14,0.001308411214953271
KM403593.1,13,0.0012149532710280374
KM403592.1,14,0.001308411214953271
KM403591.1,14,0.001308411214953271
KM403590.1,14,0.001308411214953271
KM403589.1,14,0.001308411214953271
KM403588.1,14,0.001308411214953271
KM403587.1,14,0.001308411214953271
KM403586.1,-51,0.004766355140186916
KM403585.1,-31,0.002897196261682243
KM403584.1,14,0.001308411214953271
KM403583.1,14,0.001308411214953271
KM403582.1,14,0.001308411214953271
KM403581.1,14,0.001308411214953271
KM403580.1,-73,0.006822429906542056
KM403579.1,14,0.001308411214953271
KM403578.1,14,0.001308411214953271
KM403577.1,14,0.001308411214953271
KM403576.1,-35,0.0032710280373831778
KM403575.1,14,0.001308411214953271
KU050695.1,-4,0.00037383177570093456
KM204119.1,36,0.0033644859813084112
KM204118.1,23,0.002149532710280374
EU359008.1,35,0.0032710280373831778
KU216209.1,-26,0.002429906542056075
KU216208.1,-28,0.002616822429906542
KR024708.1,3,0.00028037383177570094
KR024707.1,3,0.00028037383177570094
KR024706.1,3,0.00028037383177570094
KR024705.1,3,0.00028037383177570094
LC069810.1,-77,0.007196261682242991
LC111438.1,-22,0.00205607476635514
KP406806.1,-36,0.0033644859813084112
KP406805.1,-4,0.00037383177570093456
KP406804.1,12,0.0011214953271028037
KP406803.1,34,0.003177570093457944
KP406802.1,35,0.0032710280373831778
KP406801.1,36,0.0033644859813084112
KT187564.1,35,0.0032710280373831778
KT187563.1,14,0.001308411214953271
KT187562.1,14,0.001308411214953271
KT187561.1,14,0.001308411214953271
KT187560.1,14,0.001308411214953271
KT187559.1,14,0.001308411214953271
KT187558.1,23,0.002149532710280374
KT187557.1,23,0.002149532710280374
KT187556.1,23,0.002149532710280374
KT187555.1,23,0.002149532710280374
KT187554.1,23,0.002149532710280374
KT187553.1,23,0.002149532710280374
KR920365.1,23,0.002149532710280374
KM217158.1,-44,0.00411214953271028
KM217157.1,-44,0.00411214953271028
KM217156.1,-44,0.00411214953271028
KT276273.1,-51,0.004766355140186916
KR296744.1,2,0.00018691588785046728
KR296743.1,10,0.0009345794392523365
KJ010186.1,-71,0.0066355140186915886
KJ010185.1,-71,0.0066355140186915886
KF360005.1,-71,0.0066355140186915886
KF289073.1,-10,0.0009345794392523365
KR028435.1,-28,0.002616822429906542
KP723482.1,-47,0.004392523364485981
KP723479.1,23,0.002149532710280374
JQ686088.2,-307,0.02869158878504673
KJ701507.1,-44,0.00411214953271028
KP686070.1,-30,0.002803738317757009
KC762699.1,-59,0.005514018691588785
KC762698.1,-47,0.004392523364485981
KC762697.1,-47,0.004392523364485981
KC762696.1,-47,0.004392523364485981
KC762695.1,-81,0.007570093457943925
KC762694.1,-64,0.005981308411214953
KC762693.1,7,0.0006542056074766356
KC762692.1,7,0.0006542056074766356
KC762691.1,7,0.0006542056074766356
KC762690.1,9,0.0008411214953271028
KC762689.1,7,0.0006542056074766356
KC762688.1,7,0.0006542056074766356
KC762687.1,7,0.0006542056074766356
KC762686.1,7,0.0006542056074766356
KC762685.1,7,0.0006542056074766356
KC762684.1,-2,0.00018691588785046728
KC762683.1,7,0.0006542056074766356
KC762682.1,7,0.0006542056074766356
KC762681.1,7,0.0006542056074766356
KC762680.1,23,0.002149532710280374
KC762679.1,23,0.002149532710280374
KC762678.1,23,0.002149532710280374
KC762677.1,23,0.002149532710280374
KC762676.1,23,0.002149532710280374
KC762675.1,23,0.002149532710280374
KC762674.1,23,0.002149532710280374
KC762673.1,23,0.002149532710280374
KC762672.1,23,0.002149532710280374
KC762671.1,23,0.002149532710280374
KC762670.1,23,0.002149532710280374
KC762669.1,23,0.002149532710280374
KC762668.1,23,0.002149532710280374
KC762667.1,23,0.002149532710280374
KC762666.1,23,0.002149532710280374
KC762665.1,23,0.002149532710280374
KC762664.1,23,0.002149532710280374
KC762663.1,23,0.002149532710280374
KC762662.1,23,0.002149532710280374
KC762661.1,23,0.002149532710280374
KC762660.1,23,0.002149532710280374
KC762659.1,23,0.002149532710280374
KC762658.1,23,0.002149532710280374
KC762657.1,23,0.002149532710280374
KC762656.1,23,0.002149532710280374
KC762655.1,23,0.002149532710280374
KC762654.1,35,0.0032710280373831778
KC762653.1,35,0.0032710280373831778
KC762652.1,35,0.0032710280373831778
KC762651.1,35,0.0032710280373831778
KC762650.1,35,0.0032710280373831778
KC762649.1,35,0.0032710280373831778
KC762648.1,35,0.0032710280373831778
KC762647.1,35,0.0032710280373831778
KC762646.1,35,0.0032710280373831778
KC762645.1,35,0.0032710280373831778
KC762644.1,35,0.0032710280373831778
KC762643.1,35,0.0032710280373831778
KC762642.1,35,0.0032710280373831778
KC762641.1,35,0.0032710280373831778
KC762640.1,35,0.0032710280373831778
KC762639.1,35,0.0032710280373831778
KC762638.1,35,0.0032710280373831778
KC762637.1,35,0.0032710280373831778
KC762636.1,35,0.0032710280373831778
KC762635.1,35,0.0032710280373831778
KC762634.1,35,0.0032710280373831778
KC762633.1,35,0.0032710280373831778
KC762632.1,35,0.0032710280373831778
KC762631.1,35,0.0032710280373831778
KC762630.1,35,0.0032710280373831778
KC762629.1,35,0.0032710280373831778
KC762628.1,35,0.0032710280373831778
KC762627.1,35,0.0032710280373831778
KC762626.1,35,0.0032710280373831778
KC762625.1,35,0.0032710280373831778
KC762624.1,35,0.0032710280373831778
KC762623.1,35,0.0032710280373831778
KC762622.1,35,0.0032710280373831778
KC762621.1,35,0.0032710280373831778
KC762620.1,35,0.0032710280373831778
KR779782.1,23,0.002149532710280374
KM190937.1,-433,0.04046728971962617
KM190936.1,-108,0.010093457943925233
KR071622.1,15,0.0014018691588785046
KF479233.1,23,0.002149532710280374
AB479042.1,-53,0.004953271028037384
AB479041.1,-53,0.004953271028037384
KP772252.1,35,0.0032710280373831778
KJ737430.1,7,0.0006542056074766356
KJ737429.1,7,0.0006542056074766356
KP398852.1,35,0.0032710280373831778
KM279610.1,-524,0.04897196261682243
KM279609.1,-524,0.04897196261682243
KM279608.1,-524,0.04897196261682243
KM279607.1,-524,0.04897196261682243
KM279606.1,-524,0.04897196261682243
KM279605.1,-524,0.04897196261682243
KM279604.1,-524,0.04897196261682243
KM279603.1,-524,0.04897196261682243
KM279602.1,-524,0.04897196261682243
KM279601.1,23,0.002149532710280374
KM279600.1,23,0.002149532710280374
KM279599.1,23,0.002149532710280374
KM279598.1,23,0.002149532710280374
KM279597.1,23,0.002149532710280374
KM279596.1,-18,0.0016822429906542056
KM279595.1,23,0.002149532710280374
KM279594.1,23,0.002149532710280374
KM279593.1,23,0.002149532710280374
KM279592.1,23,0.002149532710280374
KM279591.1,23,0.002149532710280374
KM279590.1,23,0.002149532710280374
KM279589.1,-25,0.002336448598130841
KM279588.1,23,0.002149532710280374
KM279587.1,23,0.002149532710280374
KM279586.1,23,0.002149532710280374
KM279585.1,-427,0.039906542056074766
KM279584.1,-66,0.006168224299065421
KM279583.1,-5,0.00046728971962616824
KM279582.1,23,0.002149532710280374
KM279581.1,23,0.002149532710280374
KM279580.1,-378,0.03532710280373832
KM279579.1,23,0.002149532710280374
KM279578.1,23,0.002149532710280374
KM279577.1,23,0.002149532710280374
KM279576.1,23,0.002149532710280374
KM279575.1,23,0.002149532710280374
KM279574.1,-378,0.03532710280373832
KM279573.1,23,0.002149532710280374
KM279572.1,23,0.002149532710280374
KM279571.1,23,0.002149532710280374
KM279570.1,23,0.002149532710280374
KM279569.1,23,0.002149532710280374
KM279568.1,23,0.002149532710280374
KM279567.1,23,0.002149532710280374
KM279566.1,23,0.002149532710280374
KM279565.1,23,0.002149532710280374
KM279564.1,23,0.002149532710280374
KM279563.1,23,0.002149532710280374
KM279562.1,23,0.002149532710280374
KM279561.1,23,0.002149532710280374
KM279560.1,23,0.002149532710280374
KM279559.1,23,0.002149532710280374
KM279558.1,23,0.002149532710280374
KM279557.1,24,0.0022429906542056075
KM279556.1,23,0.002149532710280374
KM279555.1,23,0.002149532710280374
KM279554.1,23,0.002149532710280374
KM279553.1,23,0.002149532710280374
KM279552.1,23,0.002149532710280374
KM279551.1,23,0.002149532710280374
KM279550.1,23,0.002149532710280374
KM279549.1,23,0.002149532710280374
KM279548.1,23,0.002149532710280374
KM279547.1,-30,0.002803738317757009
KM279546.1,23,0.002149532710280374
KM279545.1,23,0.002149532710280374
KM279544.1,23,0.002149532710280374
KM279543.1,23,0.002149532710280374
KM279542.1,23,0.002149532710280374
KM279541.1,23,0.002149532710280374
KM279540.1,23,0.002149532710280374
KM279539.1,23,0.002149532710280374
KM279538.1,23,0.002149532710280374
KM279537.1,23,0.002149532710280374
KM279536.1,23,0.002149532710280374
KM279535.1,23,0.002149532710280374
KM279534.1,23,0.002149532710280374
KM279533.1,23,0.002149532710280374
KM279532.1,23,0.002149532710280374
KM279531.1,-5,0.00046728971962616824
KM279530.1,23,0.002149532710280374
KM279529.1,0,0.0
KM279528.1,23,0.002149532710280374
KM279527.1,-13,0.0012149532710280374
KM279526.1,23,0.002149532710280374
KM279525.1,23,0.002149532710280374
KM279524.1,23,0.002149532710280374
KM279523.1,23,0.002149532710280374
KM279522.1,23,0.002149532710280374
KM279521.1,23,0.002149532710280374
KM279520.1,23,0.002149532710280374
KM279519.1,23,0.002149532710280374
KM279518.1,23,0.002149532710280374
KM279517.1,23,0.002149532710280374
KM279516.1,-30,0.002803738317757009
KM279515.1,23,0.002149532710280374
KM279514.1,-21,0.0019626168224299067
KM279513.1,-37,0.0034579439252336447
KM587709.1,13,0.0012149532710280374
KJ649286.1,-78,0.007289719626168224
